seed,severity,modality,regime,estimator,threshold,abstention_rate,coverage_defect,coverage_ok,roc_auc,pr_auc,brier,recall,precision,f1,escape_rate,overkill_rate,true_negative,false_positive,false_negative,true_positive
42,0.5,vision,inline,xgboost,0.015,0.08251748251748252,0.9249448123620309,0.9007633587786259,0.9994439108235174,0.9996913508517286,0.007657451298758369,1.0,0.884765625,0.938860103626943,0.0,0.22519083969465647,203,59,0,453
42,0.5,process,inline,xgboost,0.005,0.26713286713286716,0.891832229580574,0.9770992366412213,0.9266257182818528,0.9559079923344149,0.12451777048971371,1.0,0.6362359550561798,0.7776824034334764,0.0,0.9885496183206107,3,259,0,453
42,0.5,fusion,inline,xgboost,0.02,0.08951048951048951,0.9072847682119205,0.9122137404580153,0.9992248453903577,0.9995842555256618,0.005503072763688093,0.9977924944812362,0.9243353783231084,0.9596602972399151,0.002207505518763797,0.14122137404580154,225,37,1,452
42,1.0,vision,inline,xgboost,0.01,0.0937062937062937,0.9094922737306843,0.8854961832061069,0.9965539322245252,0.998252450059684,0.015715056670048064,0.9977924944812362,0.7985865724381626,0.887144259077527,0.002207505518763797,0.4351145038167939,148,114,1,452
42,1.0,process,inline,xgboost,0.005,0.26713286713286716,0.891832229580574,0.9770992366412213,0.9266257182818528,0.9559079923344149,0.12451777048971371,1.0,0.6362359550561798,0.7776824034334764,0.0,0.9885496183206107,3,259,0,453
42,1.0,fusion,inline,xgboost,0.02,0.1076923076923077,0.8830022075055187,0.8931297709923665,0.9973964915828321,0.9986958725716302,0.011861620163764242,0.9977924944812362,0.8709055876685935,0.9300411522633745,0.002207505518763797,0.25572519083969464,195,67,1,452
42,1.5,vision,inline,xgboost,0.04,0.07692307692307693,0.9205298013245033,0.9045801526717557,0.9943969802672598,0.9969946462092695,0.026303300487100858,0.9977924944812362,0.8293577981651377,0.905811623246493,0.002207505518763797,0.3549618320610687,169,93,1,452
42,1.5,process,inline,xgboost,0.005,0.26713286713286716,0.891832229580574,0.9770992366412213,0.9266257182818528,0.9559079923344149,0.12451777048971371,1.0,0.6362359550561798,0.7776824034334764,0.0,0.9885496183206107,3,259,0,453
42,1.5,fusion,inline,xgboost,0.049999999999999996,0.07692307692307693,0.9006622516556292,0.9427480916030534,0.9966044857860237,0.9983399122632809,0.01816039980979883,0.9977924944812362,0.9168356997971603,0.9556025369978859,0.002207505518763797,0.15648854961832062,221,41,1,452
42,2.0,vision,inline,xgboost,0.034999999999999996,0.03776223776223776,0.9050772626931567,0.8664122137404581,0.9705651888175522,0.9820640460910515,0.06209383082023263,0.9955849889624724,0.7381342062193126,0.8477443609022557,0.004415011037527594,0.6106870229007634,102,160,2,451
42,2.0,process,inline,xgboost,0.005,0.26713286713286716,0.891832229580574,0.9770992366412213,0.9266257182818528,0.9559079923344149,0.12451777048971371,1.0,0.6362359550561798,0.7776824034334764,0.0,0.9885496183206107,3,259,0,453
42,2.0,fusion,inline,xgboost,0.015,0.06573426573426573,0.8675496688741722,0.9312977099236641,0.987108841817906,0.9928875021528819,0.044672516331424085,0.9977924944812362,0.7766323024054983,0.8734299516908213,0.002207505518763797,0.4961832061068702,132,130,1,452
42,3.0,vision,inline,xgboost,0.055,0.12027972027972028,0.8852097130242825,0.8702290076335878,0.915668233827073,0.9498130498887165,0.1141608803319946,1.0,0.6527377521613833,0.7898866608544028,0.0,0.9198473282442748,21,241,0,453
42,3.0,process,inline,xgboost,0.005,0.26713286713286716,0.891832229580574,0.9770992366412213,0.9266257182818528,0.9559079923344149,0.12451777048971371,1.0,0.6362359550561798,0.7776824034334764,0.0,0.9885496183206107,3,259,0,453
42,3.0,fusion,inline,xgboost,0.034999999999999996,0.044755244755244755,0.8984547461368654,0.950381679389313,0.9688379421330233,0.982324439047082,0.07258802046845896,0.9977924944812362,0.7220447284345048,0.8378127896200185,0.002207505518763797,0.6641221374045801,88,174,1,452
7,0.5,vision,inline,xgboost,0.015,0.08251748251748252,0.9249448123620309,0.9007633587786259,0.9994439108235174,0.9996913508517286,0.007657451298758369,1.0,0.884765625,0.938860103626943,0.0,0.22519083969465647,203,59,0,453
7,0.5,process,inline,xgboost,0.030000000000000002,0.35524475524475524,0.9558498896247241,0.7175572519083969,0.7843258682574187,0.8711607505647224,0.18494328556582687,1.0,0.6335664335664336,0.7756849315068494,0.0,1.0,0,262,0,453
7,0.5,fusion,inline,xgboost,0.015,0.08251748251748252,0.9426048565121413,0.8740458015267175,0.9997514449892995,0.999853604291889,0.0062466255242860065,1.0,0.884765625,0.938860103626943,0.0,0.22519083969465647,203,59,0,453
7,1.0,vision,inline,xgboost,0.01,0.0937062937062937,0.9094922737306843,0.8854961832061069,0.9965539322245252,0.998252450059684,0.015715056670048064,0.9977924944812362,0.7985865724381626,0.887144259077527,0.002207505518763797,0.4351145038167939,148,114,1,452
7,1.0,process,inline,xgboost,0.030000000000000002,0.35524475524475524,0.9558498896247241,0.7175572519083969,0.7843258682574187,0.8711607505647224,0.18494328556582687,1.0,0.6335664335664336,0.7756849315068494,0.0,1.0,0,262,0,453
7,1.0,fusion,inline,xgboost,0.015,0.12727272727272726,0.8962472406181016,0.8282442748091603,0.9977419409197378,0.9987574616433912,0.017435552159760413,1.0,0.8451492537313433,0.916076845298281,0.0,0.31679389312977096,179,83,0,453
7,1.5,vision,inline,xgboost,0.04,0.07692307692307693,0.9205298013245033,0.9045801526717557,0.9943969802672598,0.9969946462092695,0.026303300487100858,0.9977924944812362,0.8293577981651377,0.905811623246493,0.002207505518763797,0.3549618320610687,169,93,1,452
7,1.5,process,inline,xgboost,0.030000000000000002,0.35524475524475524,0.9558498896247241,0.7175572519083969,0.7843258682574187,0.8711607505647224,0.18494328556582687,1.0,0.6335664335664336,0.7756849315068494,0.0,1.0,0,262,0,453
7,1.5,fusion,inline,xgboost,0.034999999999999996,0.12307692307692308,0.9183222958057395,0.7977099236641222,0.9958546079571305,0.9976387597429931,0.026404209864467718,1.0,0.814748201438849,0.8979187314172448,0.0,0.3931297709923664,159,103,0,453
7,2.0,vision,inline,xgboost,0.034999999999999996,0.03776223776223776,0.9050772626931567,0.8664122137404581,0.9705651888175522,0.9820640460910515,0.06209383082023263,0.9955849889624724,0.7381342062193126,0.8477443609022557,0.004415011037527594,0.6106870229007634,102,160,2,451
7,2.0,process,inline,xgboost,0.030000000000000002,0.35524475524475524,0.9558498896247241,0.7175572519083969,0.7843258682574187,0.8711607505647224,0.18494328556582687,1.0,0.6335664335664336,0.7756849315068494,0.0,1.0,0,262,0,453
7,2.0,fusion,inline,xgboost,0.030000000000000002,0.0979020979020979,0.9116997792494481,0.767175572519084,0.9750349662133697,0.9835340230755238,0.06285301101738237,1.0,0.7341977309562399,0.8467289719626169,0.0,0.6259541984732825,98,164,0,453
7,3.0,vision,inline,xgboost,0.055,0.12027972027972028,0.8852097130242825,0.8702290076335878,0.915668233827073,0.9498130498887165,0.1141608803319946,1.0,0.6527377521613833,0.7898866608544028,0.0,0.9198473282442748,21,241,0,453
7,3.0,process,inline,xgboost,0.030000000000000002,0.35524475524475524,0.9558498896247241,0.7175572519083969,0.7843258682574187,0.8711607505647224,0.18494328556582687,1.0,0.6335664335664336,0.7756849315068494,0.0,1.0,0,262,0,453
7,3.0,fusion,inline,xgboost,0.005,0.004195804195804196,0.9139072847682119,0.732824427480916,0.9276957686669026,0.9591008906969016,0.11134482928924444,1.0,0.634453781512605,0.7763496143958869,0.0,0.9961832061068703,1,261,0,453
99,0.5,vision,inline,xgboost,0.015,0.08251748251748252,0.9249448123620309,0.9007633587786259,0.9994439108235174,0.9996913508517286,0.007657451298758369,1.0,0.884765625,0.938860103626943,0.0,0.22519083969465647,203,59,0,453
99,0.5,process,inline,xgboost,0.030000000000000002,0.11748251748251748,0.4988962472406181,0.9541984732824428,0.798118564952901,0.8705204628501206,0.2400818177930684,0.9911699779249448,0.6632200886262924,0.7946902654867256,0.008830022075055188,0.8702290076335878,34,228,4,449
99,0.5,fusion,inline,xgboost,0.07,0.07272727272727272,0.9183222958057395,0.9389312977099237,0.9994986771818075,0.9997095823925043,0.009930034389787026,0.9977924944812362,0.9720430107526882,0.9847494553376906,0.002207505518763797,0.04961832061068702,249,13,1,452
99,1.0,vision,inline,xgboost,0.01,0.0937062937062937,0.9094922737306843,0.8854961832061069,0.9965539322245252,0.998252450059684,0.015715056670048064,0.9977924944812362,0.7985865724381626,0.887144259077527,0.002207505518763797,0.4351145038167939,148,114,1,452
99,1.0,process,inline,xgboost,0.030000000000000002,0.11748251748251748,0.4988962472406181,0.9541984732824428,0.798118564952901,0.8705204628501206,0.2400818177930684,0.9911699779249448,0.6632200886262924,0.7946902654867256,0.008830022075055188,0.8702290076335878,34,228,4,449
99,1.0,fusion,inline,xgboost,0.02,0.14965034965034965,0.8013245033112583,0.916030534351145,0.9977798560908616,0.9987427462406065,0.02000791316977582,1.0,0.897029702970297,0.9457202505219207,0.0,0.1984732824427481,210,52,0,453
99,1.5,vision,inline,xgboost,0.04,0.07692307692307693,0.9205298013245033,0.9045801526717557,0.9943969802672598,0.9969946462092695,0.026303300487100858,0.9977924944812362,0.8293577981651377,0.905811623246493,0.002207505518763797,0.3549618320610687,169,93,1,452
99,1.5,process,inline,xgboost,0.030000000000000002,0.11748251748251748,0.4988962472406181,0.9541984732824428,0.798118564952901,0.8705204628501206,0.2400818177930684,0.9911699779249448,0.6632200886262924,0.7946902654867256,0.008830022075055188,0.8702290076335878,34,228,4,449
99,1.5,fusion,inline,xgboost,0.005,0.15804195804195803,0.7549668874172185,0.9541984732824428,0.9941357868661848,0.9966786339279865,0.037334212284215566,0.9977924944812362,0.8218181818181818,0.901296111665005,0.002207505518763797,0.37404580152671757,164,98,1,452
99,2.0,vision,inline,xgboost,0.034999999999999996,0.03776223776223776,0.9050772626931567,0.8664122137404581,0.9705651888175522,0.9820640460910515,0.06209383082023263,0.9955849889624724,0.7381342062193126,0.8477443609022557,0.004415011037527594,0.6106870229007634,102,160,2,451
99,2.0,process,inline,xgboost,0.030000000000000002,0.11748251748251748,0.4988962472406181,0.9541984732824428,0.798118564952901,0.8705204628501206,0.2400818177930684,0.9911699779249448,0.6632200886262924,0.7946902654867256,0.008830022075055188,0.8702290076335878,34,228,4,449
99,2.0,fusion,inline,xgboost,0.01,0.13846153846153847,0.6467991169977925,0.9541984732824428,0.9698110981918676,0.9825308951436859,0.10076986768101713,0.9933774834437086,0.782608695652174,0.8754863813229572,0.006622516556291391,0.4770992366412214,137,125,3,450
99,3.0,vision,inline,xgboost,0.055,0.12027972027972028,0.8852097130242825,0.8702290076335878,0.915668233827073,0.9498130498887165,0.1141608803319946,1.0,0.6527377521613833,0.7898866608544028,0.0,0.9198473282442748,21,241,0,453
99,3.0,process,inline,xgboost,0.030000000000000002,0.11748251748251748,0.4988962472406181,0.9541984732824428,0.798118564952901,0.8705204628501206,0.2400818177930684,0.9911699779249448,0.6632200886262924,0.7946902654867256,0.008830022075055188,0.8702290076335878,34,228,4,449
99,3.0,fusion,inline,xgboost,0.005,0.055944055944055944,0.5739514348785872,0.9541984732824428,0.9066149335220666,0.9454885237603352,0.16907824366532645,0.9867549668874173,0.7095238095238096,0.8254847645429363,0.013245033112582781,0.6984732824427481,79,183,6,447
123,0.5,vision,inline,xgboost,0.015,0.08251748251748252,0.9249448123620309,0.9007633587786259,0.9994439108235174,0.9996913508517286,0.007657451298758369,1.0,0.884765625,0.938860103626943,0.0,0.22519083969465647,203,59,0,453
123,0.5,process,inline,xgboost,0.005,0.15524475524475526,0.5849889624724062,0.9580152671755725,0.8471133916384409,0.8997872900916912,0.21448360205744058,1.0,0.6335664335664336,0.7756849315068494,0.0,1.0,0,262,0,453
123,0.5,fusion,inline,xgboost,0.034999999999999996,0.0993006993006993,0.8763796909492274,0.9351145038167938,0.9992543349678985,0.9995855153288881,0.008908160229453871,0.9977924944812362,0.9515789473684211,0.9741379310344828,0.002207505518763797,0.08778625954198473,239,23,1,452
123,1.0,vision,inline,xgboost,0.01,0.0937062937062937,0.9094922737306843,0.8854961832061069,0.9965539322245252,0.998252450059684,0.015715056670048064,0.9977924944812362,0.7985865724381626,0.887144259077527,0.002207505518763797,0.4351145038167939,148,114,1,452
123,1.0,process,inline,xgboost,0.005,0.15524475524475526,0.5849889624724062,0.9580152671755725,0.8471133916384409,0.8997872900916912,0.21448360205744058,1.0,0.6335664335664336,0.7756849315068494,0.0,1.0,0,262,0,453
123,1.0,fusion,inline,xgboost,0.04,0.12167832167832168,0.847682119205298,0.916030534351145,0.9957787776148829,0.997834335621822,0.01881183946169041,0.9933774834437086,0.9316770186335404,0.9615384615384616,0.006622516556291391,0.12595419847328243,229,33,3,450
123,1.5,vision,inline,xgboost,0.04,0.07692307692307693,0.9205298013245033,0.9045801526717557,0.9943969802672598,0.9969946462092695,0.026303300487100858,0.9977924944812362,0.8293577981651377,0.905811623246493,0.002207505518763797,0.3549618320610687,169,93,1,452
123,1.5,process,inline,xgboost,0.005,0.15524475524475526,0.5849889624724062,0.9580152671755725,0.8471133916384409,0.8997872900916912,0.21448360205744058,1.0,0.6335664335664336,0.7756849315068494,0.0,1.0,0,262,0,453
123,1.5,fusion,inline,xgboost,0.02,0.17202797202797201,0.7571743929359823,0.9198473282442748,0.9941105100854356,0.9967499224538253,0.041514359716157946,0.9955849889624724,0.902,0.9464847848898216,0.004415011037527594,0.18702290076335878,213,49,2,451
123,2.0,vision,inline,xgboost,0.034999999999999996,0.03776223776223776,0.9050772626931567,0.8664122137404581,0.9705651888175522,0.9820640460910515,0.06209383082023263,0.9955849889624724,0.7381342062193126,0.8477443609022557,0.004415011037527594,0.6106870229007634,102,160,2,451
123,2.0,process,inline,xgboost,0.005,0.15524475524475526,0.5849889624724062,0.9580152671755725,0.8471133916384409,0.8997872900916912,0.21448360205744058,1.0,0.6335664335664336,0.7756849315068494,0.0,1.0,0,262,0,453
123,2.0,fusion,inline,xgboost,0.01,0.15524475524475526,0.6710816777041942,0.9312977099236641,0.9757764184486797,0.9851055258350521,0.09146007389782994,1.0,0.814748201438849,0.8979187314172448,0.0,0.3931297709923664,159,103,0,453
123,3.0,vision,inline,xgboost,0.055,0.12027972027972028,0.8852097130242825,0.8702290076335878,0.915668233827073,0.9498130498887165,0.1141608803319946,1.0,0.6527377521613833,0.7898866608544028,0.0,0.9198473282442748,21,241,0,453
123,3.0,process,inline,xgboost,0.005,0.15524475524475526,0.5849889624724062,0.9580152671755725,0.8471133916384409,0.8997872900916912,0.21448360205744058,1.0,0.6335664335664336,0.7756849315068494,0.0,1.0,0,262,0,453
123,3.0,fusion,inline,xgboost,0.045,0.027972027972027972,0.6600441501103753,0.9389312977099237,0.9303961714102758,0.9561238400649366,0.14449362864512375,0.9889624724061811,0.764505119453925,0.8623676612127045,0.011037527593818985,0.5267175572519084,124,138,5,448
2024,0.5,vision,inline,xgboost,0.015,0.08251748251748252,0.9249448123620309,0.9007633587786259,0.9994439108235174,0.9996913508517286,0.007657451298758369,1.0,0.884765625,0.938860103626943,0.0,0.22519083969465647,203,59,0,453
2024,0.5,process,inline,xgboost,0.015,0.2811188811188811,0.7527593818984547,0.9618320610687023,0.8296050081728258,0.9015027680827371,0.1788734535260703,1.0,0.6335664335664336,0.7756849315068494,0.0,1.0,0,262,0,453
2024,0.5,fusion,inline,xgboost,0.015,0.08951048951048951,0.9094922737306843,0.9122137404580153,0.9996545506630943,0.999804894803474,0.007148881506363782,1.0,0.9207317073170732,0.9587301587301588,0.0,0.14885496183206107,223,39,0,453
2024,1.0,vision,inline,xgboost,0.01,0.0937062937062937,0.9094922737306843,0.8854961832061069,0.9965539322245252,0.998252450059684,0.015715056670048064,0.9977924944812362,0.7985865724381626,0.887144259077527,0.002207505518763797,0.4351145038167939,148,114,1,452
2024,1.0,process,inline,xgboost,0.015,0.2811188811188811,0.7527593818984547,0.9618320610687023,0.8296050081728258,0.9015027680827371,0.1788734535260703,1.0,0.6335664335664336,0.7756849315068494,0.0,1.0,0,262,0,453
2024,1.0,fusion,inline,xgboost,0.049999999999999996,0.0993006993006993,0.8896247240618101,0.9083969465648855,0.9982390509411389,0.9989935728538824,0.015256910854339294,0.9955849889624724,0.9356846473029046,0.9647058823529412,0.004415011037527594,0.1183206106870229,231,31,2,451
2024,1.5,vision,inline,xgboost,0.04,0.07692307692307693,0.9205298013245033,0.9045801526717557,0.9943969802672598,0.9969946462092695,0.026303300487100858,0.9977924944812362,0.8293577981651377,0.905811623246493,0.002207505518763797,0.3549618320610687,169,93,1,452
2024,1.5,process,inline,xgboost,0.015,0.2811188811188811,0.7527593818984547,0.9618320610687023,0.8296050081728258,0.9015027680827371,0.1788734535260703,1.0,0.6335664335664336,0.7756849315068494,0.0,1.0,0,262,0,453
2024,1.5,fusion,inline,xgboost,0.049999999999999996,0.1034965034965035,0.8675496688741722,0.916030534351145,0.9946834504490841,0.9969545549093678,0.025921330521443586,0.9977924944812362,0.889763779527559,0.9406867845993756,0.002207505518763797,0.21374045801526717,206,56,1,452
2024,2.0,vision,inline,xgboost,0.034999999999999996,0.03776223776223776,0.9050772626931567,0.8664122137404581,0.9705651888175522,0.9820640460910515,0.06209383082023263,0.9955849889624724,0.7381342062193126,0.8477443609022557,0.004415011037527594,0.6106870229007634,102,160,2,451
2024,2.0,process,inline,xgboost,0.015,0.2811188811188811,0.7527593818984547,0.9618320610687023,0.8296050081728258,0.9015027680827371,0.1788734535260703,1.0,0.6335664335664336,0.7756849315068494,0.0,1.0,0,262,0,453
2024,2.0,fusion,inline,xgboost,0.01,0.0979020979020979,0.8145695364238411,0.8931297709923665,0.9746473889085486,0.9841163435569367,0.06300557033717061,1.0,0.7426229508196721,0.852304797742239,0.0,0.5992366412213741,105,157,0,453
2024,3.0,vision,inline,xgboost,0.055,0.12027972027972028,0.8852097130242825,0.8702290076335878,0.915668233827073,0.9498130498887165,0.1141608803319946,1.0,0.6527377521613833,0.7898866608544028,0.0,0.9198473282442748,21,241,0,453
2024,3.0,process,inline,xgboost,0.015,0.2811188811188811,0.7527593818984547,0.9618320610687023,0.8296050081728258,0.9015027680827371,0.1788734535260703,1.0,0.6335664335664336,0.7756849315068494,0.0,1.0,0,262,0,453
2024,3.0,fusion,inline,xgboost,0.04,0.03776223776223776,0.7902869757174393,0.9541984732824428,0.9386406147313078,0.9641580154032567,0.10338576763604823,0.9955849889624724,0.7013996889580093,0.822992700729927,0.004415011037527594,0.732824427480916,70,192,2,451
