label,thermal,pressure,fill,chemistry,tooling,image
1,-0.4334728308022022,-0.01599264144897461,2.611793041229248,-0.5857477188110352,0.16539447009563446,0.1081764311529696
1,-0.3969937898218632,-0.0009794309735298157,1.4274306744337082,-0.6651825191220269,0.2739964723587036,-0.15882890694774687
1,-0.31706223264336586,0.018396973609924316,-0.005228251218795776,-0.7720240440685302,0.29358580708503723,2.603390749776736
1,-0.32237769663333893,-0.0816691517829895,2.1039768159389496,-0.5675075678154826,0.3577849566936493,0.5091200928436592
1,-0.3592202179133892,0.0686938688158989,2.608258068561554,-0.5977301578968763,0.3559408187866211,1.7677826161962003
1,-0.25900873914361,-0.07344567961990833,1.6432825773954391,-0.813166297506541,0.1630007028579712,0.20728227775543928
1,-0.4482293054461479,-0.10910420306026936,1.821176677942276,-0.6197693236172199,0.17957456409931183,-0.2952637276612222
1,-0.48255287669599056,-0.03345605172216892,2.61785426735878,-0.6442691367119551,0.09569694846868515,0.9894720339216292
1,-0.48622703552246094,-0.03672803705558181,0.3138763755559921,-0.7649822579696774,0.2787627875804901,0.8939107010373846
1,-0.2629543961957097,-0.01994897611439228,-1.033900797367096,-0.8609434040263295,0.2351941615343094,1.7021119928103872
1,-0.32061606645584106,0.06207384495064616,2.4398417212069035,-0.5540677482495084,0.23942451179027557,1.0612373756302986
1,-0.11131913959980011,0.1580884363502264,1.1441190242767334,-0.5517435809597373,0.1905544251203537,1.3247711067087948
1,-0.2121566366404295,-0.05525564542040229,2.0555877089500427,-0.5751313604414463,0.3852286636829376,0.2823281339369714
1,-0.21630509197711945,0.18228888511657715,0.025018811225891113,-0.7295495299622416,0.316923588514328,2.5958665718790144
1,-0.4768938682973385,-0.07501950487494469,-0.9010675400495529,-0.7656017737463117,0.24366609752178192,3.1607465211600356
1,-0.15932489931583405,-0.04505539312958717,2.8305486291646957,-0.5760656694183126,0.1459871083498001,-0.5505683881347068
1,0.06647923914715648,-0.07356330566108227,2.8756780326366425,-0.5063503559213132,0.052228767424821854,-0.4098970983613981
1,-0.4024917669594288,-0.09185881540179253,-0.9661663472652435,-0.7533002384006977,0.17755846679210663,5.525066060945392
1,-0.34254079312086105,-0.0633626077324152,1.8982863426208496,-0.6453527316916734,0.2027045488357544,1.886268500238657
1,-0.33283547312021255,-0.08522836491465569,0.7583683431148529,-0.7057658117264509,0.2241542488336563,-0.5821846316102892
1,0.8128778301179409,-0.06571697816252708,-0.6948816329240799,-0.8189680632203817,0.31688135862350464,3.0957741105230525
1,0.21770695998566225,-0.057576173916459084,-1.0327796339988708,-0.8027500603348017,0.29701173305511475,4.431732833618298
1,-0.380532406270504,-0.06423389911651611,2.4918242692947388,-0.6039997998159379,0.22509010136127472,-1.0282358067925088
1,-0.21837790124118328,-0.04541821405291557,3.2293325662612915,-0.5642734034918249,0.20317427814006805,1.4562022901372984
1,-0.20452480018138885,-0.09743523970246315,3.669986367225647,-0.6075172696728259,0.11486820131540298,4.762642163783312
1,-0.24664116650819778,0.054289840161800385,1.231067806482315,-0.6413294365629554,0.25327250361442566,1.3289206949993968
1,-0.07204276416450739,0.18736539408564568,-0.8136532008647919,-0.776486286893487,0.3501918315887451,2.385543006937951
1,-0.19604796962812543,-0.08976072445511818,2.2995865046977997,-0.7307793302461505,0.3008677065372467,0.275065632769838
1,-0.28663376718759537,-0.09596823155879974,1.1313284263014793,-0.7513201646506786,0.19720734655857086,2.9304426959715784
1,-0.10608105175197124,0.1522582657635212,3.430575966835022,-0.6390802226960659,0.24396437406539917,-1.061121118022129
1,-0.13187062460929155,-0.08416862972080708,2.7451437413692474,-0.6635690554976463,0.0977972075343132,0.9530201442539692
1,-0.2076514451764524,-0.09549964219331741,1.8174170851707458,-0.716477326117456,0.31375643610954285,0.6621125019155443
1,-0.19630749826319516,0.11265161819756031,1.1643990278244019,-0.7257988872006536,0.2464122325181961,1.040107588050887
1,0.29947244469076395,-0.07313671801239252,2.8714684396982193,-0.6547035686671734,0.15577036142349243,1.656171541661024
1,-0.1164065576158464,-0.0725475326180458,1.1308706402778625,-0.6689164750277996,0.32698485255241394,1.258639870211482
1,-0.23728054855018854,-0.08698668237775564,-1.1081722974777222,-0.8082174379378557,0.28875449299812317,-0.2042303802445531
1,-0.038227006793022156,0.3239233186468482,2.1653769612312317,-0.7086065537296236,0.4544142782688141,1.5721978764267988
1,-0.2874118108302355,0.365890521556139,1.1728988587856293,-0.8027937822043896,0.329604834318161,0.5759100928844418
1,-0.25818507466465235,-0.05101941851899028,1.0334958136081696,-0.7226072419434786,0.30299079418182373,0.4115271233022213
1,0.06652311980724335,-0.07273437455296516,0.9472152441740036,-0.7722136538941413,0.29349979758262634,0.9750632373616099
1,-0.10662365518510342,-0.053020767867565155,2.6332693994045258,-0.5998270204290748,0.12464749068021774,1.889422126347199
1,1.2906555943191051,-0.08674845658242702,-1.0778098702430725,-0.8025538958609104,0.24455873668193817,1.8375541078858078
1,-0.2794564738869667,-0.08125518448650837,1.9915854185819626,-0.742904398124665,0.23262296617031097,1.3430587956681848
1,-0.20749736949801445,-0.10723796300590038,4.528157949447632,-0.575052633183077,0.3359546959400177,1.3700333170127124
1,-0.3482709415256977,-0.09461785852909088,-0.3013561312109232,-0.8278154851868749,0.18571965396404266,3.814064479433
1,-0.053079250268638134,-0.09905995428562164,1.3182703852653503,-0.6846612887457013,0.2936455011367798,0.054922324256040156
1,-0.2973243333399296,-0.051370637491345406,0.4508766531944275,-0.741081359796226,0.26676228642463684,0.65351627394557
1,-0.15585464844480157,-0.0982167236506939,0.41208845376968384,-0.7474421286024153,0.23537880182266235,-0.05659864004701376
1,-0.30883939750492573,0.23215152323246002,1.2499631345272064,-0.7365955384448171,0.1954789161682129,0.24878123763483018
1,-0.2460301467217505,0.24401088431477547,0.1723150610923767,-0.7801429443061352,0.2554669678211212,-0.37084003759082407
1,-0.3529565706849098,-0.08264220505952835,3.5794376134872437,-0.5362087613902986,0.1465684026479721,0.4132599716540426
1,-0.28781441412866116,-0.08756500296294689,1.331382930278778,-0.5792191112414002,0.07297948747873306,4.2616253301966935
1,-0.3066344168037176,-0.15674369782209396,0.24534755945205688,-0.6863652875181288,0.1576301008462906,-1.562180643202737
1,0.27204807847738266,-0.06912967376410961,-0.7201551049947739,-0.7052189544774592,0.07820747047662735,2.1252692393027246
1,0.09225370176136494,-0.09811349958181381,1.6904537677764893,-0.6862180784810334,0.13362951576709747,1.8662641970076947
1,-0.36084530875086784,0.12792584858834743,2.602847784757614,-0.4898266582749784,0.13090208172798157,-0.22701034927740693
1,0.4222261868417263,-0.08998263254761696,2.483562082052231,-0.6185374520719051,0.08162618428468704,1.1647312986897305
1,-0.26768544933293015,0.35711001604795456,1.7718114852905273,-0.6841328935697675,0.26293501257896423,-0.6109619366470724
1,-0.39186167623847723,-0.04617796931415796,0.8274956941604614,-0.7330361604690552,0.238935649394989,1.0784181939670816
1,0.08677174896001816,-0.08641655743122101,-1.0790204107761383,-0.800514186732471,0.06824538856744766,1.7662653870065697
1,-0.30102343700127676,-0.015233028680086136,2.4917183816432953,-0.6568663183134049,0.043573204427957535,-1.3761261058971286
1,0.9995627896860242,-0.08195246569812298,1.5044389069080353,-0.6607335712760687,0.06752221286296844,2.982444070163183
1,-0.18111017905175686,-0.03463639132678509,1.6489936858415604,-0.7357591055333614,0.0475444532930851,1.664924668846652
1,-0.06906507536768913,-0.06696067191660404,2.637020155787468,-0.6520620658993721,0.06196765974164009,0.4893288817256689
1,-0.29767534881830215,0.1784730851650238,2.840973436832428,-0.7196605745702982,0.16758142411708832,2.1519603420747444
1,-0.30156058818101883,-0.07659931480884552,3.1460736989974976,-0.6468533528968692,0.23896372318267822,0.6958369174972177
1,-0.21384495869278908,-0.03903844705200754,1.2964023649692535,-0.6766878413036466,0.134968563914299,-0.057901607840904035
1,-0.19252501986920834,-0.048613359685987234,-0.3093869388103485,-0.7454780396074057,0.18793229758739471,3.5251383082941175
1,-0.37805045396089554,-0.0757659524679184,2.579880878329277,-0.6314377773087472,0.028720423579216003,0.029425840126350522
1,-0.35258474573493004,-0.11159295588731766,-0.35972726345062256,-0.8231073182541877,0.057068947702646255,0.8690755635034293
1,-0.35755125246942043,-0.03351385018322617,0.6969488859176636,-0.7512820120900869,0.15149174630641937,0.6515812368597835
1,-0.31998417899012566,-0.022464679554104805,2.1706165969371796,-0.6750719621777534,0.11091271787881851,0.9497014267835766
1,-0.18980216824638774,0.15830939263105392,3.387828826904297,-0.553526050876826,0.22155411541461945,-0.10508507490158081
1,-0.2783297772402875,0.04404747486114502,-0.687293291091919,-0.7674426320008934,0.09904620051383972,0.9384760047141754
1,-0.26681614434346557,0.18568092584609985,-0.38921449054032564,-0.6637206259183586,0.14728020131587982,1.7377292781602591
1,-0.3146355217322707,0.3574642715975642,2.7963387966156006,-0.5717325014993548,0.1198071613907814,-0.06619310891255736
1,-0.2713467115536332,-0.1025345753878355,0.6327178850769997,-0.6633866181364283,0.06060341000556946,-0.767009673465509
1,-0.41402481496334076,-0.09818865731358528,1.6710854768753052,-0.6619887370616198,0.12310386449098587,3.0181672951439396
1,-0.31147512421011925,0.02492688223719597,-0.9207055270671844,-0.7910026526078582,0.08935027569532394,0.22063489622996713
1,0.08645940199494362,-0.11555790156126022,1.8136968910694122,-0.692798875272274,0.08183439075946808,-1.0721050020074472
1,-0.3282470307312906,-0.07720687985420227,1.3762430399656296,-0.6267379142809659,0.12186897546052933,0.6787894489243627
1,-0.07487782929092646,-0.08997120708227158,-1.1016623675823212,-0.7917705271393061,0.10582304000854492,1.1726383731001988
1,-0.3101799488067627,0.3011634461581707,1.9637671113014221,-0.626835382077843,0.13271242380142212,-0.08771285181865096
1,-0.30608172342181206,-0.06470983102917671,1.343373954296112,-0.6259799776598811,0.08003754913806915,0.867602257989347
1,1.1099454713985324,-0.057462260127067566,0.3398904502391815,-0.4249961357563734,-0.9007458686828613,1.301392599241808
1,-0.386191263794899,-0.043177008628845215,2.2440962940454483,-0.4459649445489049,-0.748819887638092,0.1307833617029246
1,-0.09259926667436957,0.7130264192819595,0.6364253163337708,-0.5532458703964949,-1.031203269958496,1.3386953242588788
1,-0.36224332079291344,-0.07735759019851685,1.0558668971061707,-0.46138387732207775,-0.7622058987617493,0.34999010685714893
1,-0.015134640038013458,-0.07195446453988552,0.8850901983678341,-0.4902816480025649,-0.6517234444618225,1.8674271549098194
1,-0.41638269647955894,-0.02380000799894333,2.670733779668808,-0.36612409073859453,-0.6269238591194153,-0.9016727264970541
1,-0.3401328148320317,0.09663511626422405,0.04535174369812012,-0.5073793511837721,-0.5907567739486694,2.2430537859909236
1,-0.2245642188936472,0.5704393237829208,1.9845865368843079,-0.41397052304819226,-0.8160836100578308,-0.23467146488837898
1,0.5167933525517583,0.07441596873104572,2.2039476335048676,-0.2661479711532593,-0.7235166430473328,-0.2845463720150292
1,-0.329706905875355,-0.03125956340227276,3.3635834455490112,-0.32263336423784494,-0.5583953857421875,1.981595081742853
1,-0.2707617003470659,-0.07927202060818672,0.5348051190376282,-0.5331635139882565,-0.9825339317321777,-0.07541241985745728
1,-0.11552106216549873,-0.07856208458542824,1.269304096698761,-0.4469512701034546,-0.8357173800468445,-0.5321052756626159
1,-0.11773936729878187,0.13899214565753937,3.2163822650909424,-0.2558007459156215,-0.5922431349754333,-0.985198850161396
1,-0.2067788578569889,0.22273685224354267,1.0993263721466064,-0.43454539589583874,-0.6720487475395203,0.7542780746589415
1,0.17917825654149055,-0.07836619764566422,1.5169398784637451,-0.39828029088675976,-0.9148311614990234,0.08591508935205638
1,0.7199509155470878,-0.06712862348649651,1.8281330652534962,-0.3984254729002714,-0.8413305878639221,2.759805309200601
1,-0.3559755142778158,-0.07427838258445263,1.2797279059886932,-0.30099250469356775,-0.623882532119751,0.7645428040996194
1,-0.2674086143670138,-0.06894073821604252,1.9302301406860352,-0.3725561052560806,-0.669450581073761,1.4367267810739577
1,-0.4314805381000042,0.10323238745331764,0.07609239220619202,-0.5329142520204186,-0.9646846652030945,1.085195453488268
1,-0.18040596274659038,0.29835856705904007,1.8611028790473938,-0.38796881679445505,-0.44353386759757996,2.457787545863539
1,-0.3514826335012913,0.2409418821334839,2.1153035163879395,-0.42394416872411966,-0.7558372616767883,0.016813021968118846
1,-0.21139908395707607,-0.07657802477478981,2.671870231628418,-0.33123788982629776,-0.5091537833213806,-0.3880432969890535
1,-0.3966769091784954,-0.06680097058415413,2.755054034292698,-0.4213597048074007,-0.8332598209381104,1.1028494080528617
1,-0.40418627485632896,-0.04081477224826813,3.7197524309158325,-0.2186455915798433,-0.5206579566001892,0.8054545392515138
1,-0.3973315730690956,-0.0639876639470458,3.180314138531685,-0.35790745727717876,-0.7392923831939697,1.751893817447126
1,-0.3910506861284375,-0.05845550075173378,3.3969337940216064,-0.4175301641225815,-0.8054500222206116,1.033996224461589
1,-0.10426043905317783,0.39866526424884796,2.8532406389713287,-0.3311013160273433,-0.5482925772666931,0.8527906176168472
1,-0.2609645891934633,-0.0869161356240511,3.229121893644333,-0.4442628910765052,-0.8804751038551331,-0.3751565411221236
1,-0.22506738733500242,-0.060272617265582085,1.795725256204605,-0.3696747641079128,-0.6773855686187744,0.4927067656535655
1,0.34766902308911085,-0.06176334340125322,1.6700476184487343,-0.2847652635537088,-0.6537420153617859,1.173196533229202
1,0.25567019544541836,0.08307024464011192,1.2843463122844696,-0.40961932530626655,-0.8309328556060791,0.7571466183289886
1,0.7387755867093801,0.01291431114077568,1.2108144164085388,-0.45432425336912274,-1.002705454826355,-1.0240805633366108
1,-0.23227612022310495,-0.07263179495930672,-0.45782648026943207,-0.5281944945454597,-0.7486421465873718,2.434205953963101
1,0.6085013579577208,0.1575030186213553,2.492921573109925,-0.3550050351768732,-0.713935136795044,-0.7149935439229012
1,-0.10645670630037785,0.23094549216330051,1.831379234790802,-0.35706115944776684,-0.7936334609985352,1.4476512181572616
1,-0.2011486915871501,-0.00610828772187233,1.8628593534231186,-0.40310278348624706,-0.6611468195915222,0.5758397746831179
1,-0.20456474274396896,0.05956702679395676,1.8683012425899506,-0.39583555422723293,-0.6358116269111633,1.2731054124888033
1,0.11630295217037201,-0.08186369016766548,1.762650191783905,-0.4178291456773877,-1.0481995344161987,2.160503114340827
1,-0.32764798030257225,-0.09571279212832451,-0.940093606710434,-0.5295533807948232,-0.7064737677574158,-1.2311927736591315
1,-0.41090425103902817,-0.05837287940084934,2.2360507547855377,-0.3839659262448549,-0.5905473232269287,4.365988736972213
1,-0.3972867273259908,-0.04993088892661035,2.490471303462982,-0.4072064384818077,-0.817088782787323,1.4588126144371927
1,-0.38074633851647377,-0.04004778596572578,2.6539540886878967,-0.2667688839137554,-0.7308666110038757,1.8544790195301175
1,-0.06545832753181458,-0.09189452417194843,4.011286497116089,-0.281370157841593,-0.7474842667579651,1.029464999679476
1,-0.4426037650555372,0.14563770685344934,1.1673843562602997,-0.3869607299566269,-0.5002755522727966,-0.19119143928401172
1,-0.15339674055576324,0.03241756930947304,0.10578101873397827,-0.5083583081141114,-0.9641448855400085,-0.08164998982101679
1,-0.3657533200457692,-0.018438825383782387,-0.2048175036907196,-0.4915782827883959,-0.7995185852050781,1.2106025372631848
1,-0.12516619265079498,0.29813967645168304,-0.29764117300510406,-0.4923552665859461,-0.722038745880127,1.623890329763526
1,0.01411161758005619,-0.04127078969031572,1.6348160803318024,-0.267737221904099,-0.6186238527297974,0.41739500453695655
1,-0.24019216001033783,-0.06465680338442326,3.221633017063141,-0.35854361951351166,-0.8873093724250793,1.5114489244879223
1,-0.1377506647258997,0.26161861792206764,-0.22326133027672768,-0.46653648000210524,-0.7372937202453613,2.285608385769592
1,0.4397169202566147,-0.033577307127416134,0.8419751226902008,-0.4090724876150489,-0.8061032295227051,1.920567890163511
1,-0.23775261640548706,-0.06844644248485565,2.593733787536621,-0.3996412707492709,-0.7048308253288269,0.884355802245409
1,-0.37197455391287804,0.020476628094911575,2.315267886966467,-0.39317179284989834,-0.6503708958625793,1.0196257815114222
1,-0.14496394246816635,-0.08973819017410278,1.7455710172653198,-0.4167820028960705,-0.9384283423423767,-0.5286256761755794
1,-0.2873661518096924,-0.07979936897754669,2.6163302659988403,-0.4196838065981865,-0.8078598976135254,0.40640256193000823
1,-0.5011867666617036,-0.0871480330824852,-1.1667892634868622,-0.5627028942108154,-0.9206052422523499,0.13512337068095803
1,-0.5308660343289375,-0.04923832230269909,2.549289345741272,-0.3583461996167898,-0.5639217495918274,0.5369026953267166
1,-0.4613654986023903,-0.0631966907531023,-0.4689893275499344,-0.4376724436879158,-0.7563955783843994,0.2512243959645275
1,-0.18941674008965492,0.45525758899748325,3.3415523171424866,-0.4181801863014698,-0.6026924252510071,-0.7250967338040937
1,-0.40577830001711845,-0.08624215051531792,2.904374986886978,-0.33184997690841556,-0.5699993968009949,0.3414800732571166
1,-0.31107595190405846,-0.053036004304885864,2.7551964223384857,-0.3307001478970051,-0.7138166427612305,0.6216632667928934
1,0.9871961567550898,-0.08777743577957153,-1.0139736831188202,-0.5133890602737665,-0.9200165271759033,1.730270578933414
1,-0.5580389173701406,-0.07470269501209259,0.06670624017715454,1.9163797311484814,-0.12837418913841248,2.116800206073094
1,-0.015150338411331177,0.12581800669431686,-0.5925218909978867,1.9783363221213222,-0.17190693318843842,0.3515354029368609
1,-0.5645158123224974,0.039719488471746445,0.7962798848748207,1.7835047347471118,-0.08802755922079086,0.3181425821967423
1,-0.5081127882003784,-0.1260199472308159,2.671216130256653,1.2748659227509052,-0.10574551671743393,2.4096520545426756
1,-0.5352425333112478,-0.04574369452893734,0.013735450804233551,1.8552361661568284,-0.1603778898715973,2.3071267813611485
1,-0.017789527773857117,-0.09329491853713989,-0.11837267875671387,2.059737714473158,-0.10849448293447495,0.13471998646855354
1,0.04746032296679914,-0.06007583998143673,-0.929250568151474,1.8628482979984256,-0.1202097237110138,1.7990503173787147
1,-0.10915614082477987,-0.1278250887989998,0.012758120894432068,1.8023111540824175,-0.11108732968568802,0.8467775050085038
1,-0.582452978938818,0.26278461795300245,-0.533864289522171,1.9713660918641835,-0.11829787492752075,0.8047493167687207
1,-0.5017035317141563,0.15551010519266129,-0.6454700827598572,1.884175374172628,-0.19957983493804932,2.548179611796513
1,-0.4400322921574116,-0.14336880296468735,2.1621760427951813,1.6260525919497013,-0.09971331804990768,0.3188979693222791
1,-0.4940083213150501,-0.09269585716538131,-0.9769051969051361,2.163877391605638,-0.16803668439388275,1.2260644522029907
1,0.14304958563297987,-0.1385684348642826,-0.0973227471113205,1.7557565136812627,-0.16427519917488098,-0.599789751926437
1,-0.6725144647061825,-0.11085698753595352,-0.9424401223659515,1.8743794905021787,-0.13542857766151428,-0.36455575020227116
1,-0.48091900907456875,0.2632552199065685,-0.2347470223903656,1.7264809645712376,-0.035751823335886,-0.08179234527051449
1,0.013149090111255646,-0.08653838746249676,1.5325075089931488,1.3610397670418024,-0.055632974952459335,0.3821359524736181
1,-0.11187470960430801,-0.07807657867670059,2.3600844964385033,1.3152266016695648,-0.08009332418441772,1.7266344628296793
1,-0.413330627605319,-0.12449825927615166,-0.6849631518125534,1.8985836170613766,-0.19643473625183105,-1.549943501362577
1,-0.6255971491336823,0.20356237702071667,-0.2832418456673622,1.7985026985406876,-0.08947009593248367,4.990062283817679
1,-0.42954397946596146,-0.08221347071230412,-0.8925031423568726,1.8499509301036596,-0.14909489452838898,0.968672739181784
1,-0.5369971878826618,-0.09746402688324451,-0.6393013745546341,1.783286769874394,-0.14017905294895172,-0.11385556461755186
1,-0.24876891635358334,-0.118473120033741,0.7233640253543854,1.578361850231886,-0.15186025202274323,-1.0109096788801253
1,-0.5988343507051468,0.052404231391847134,-1.0062941014766693,1.7716573793441057,-0.15159234404563904,0.32924496254418045
1,-0.4831583332270384,-0.02393281226977706,3.6517006158828735,1.1343082338571548,-0.13373011350631714,0.610742456978187
1,-0.45878005772829056,0.14471027627587318,2.121834859251976,1.0900764222024009,-0.09318109601736069,-0.11442180018639192
1,-0.42323081591166556,-0.018270468339323997,-0.08049631118774414,1.4715729719027877,-0.11970245838165283,1.2812793614975817
1,-0.3132269121706486,0.45102206245064735,-0.24285195767879486,2.234651684120763,-0.1656290888786316,1.9939031088724732
1,-0.4407602297142148,-0.054522483609616756,-0.7580810189247131,1.906872860621661,-0.14226433634757996,0.49527382012456656
1,-0.5450452752411366,0.1919823493808508,1.4374742805957794,1.6936831809580326,-0.13581375777721405,2.366235120454803
1,0.04356581810861826,-0.05147031811065972,2.1553218364715576,1.5581650375388563,-0.05210116505622864,0.18427396821789443
1,-0.6160721620544791,-0.07553226873278618,-0.6736514568328857,1.9640987874008715,-0.08439070731401443,1.011302153696306
1,-0.45265619084239006,-0.08225174620747566,2.25020831823349,1.2631507981568575,-0.17975108325481415,1.5410307804886543
1,-0.3522316962480545,0.6671450585126877,-0.742011770606041,1.795073286164552,-0.06622155010700226,-0.036925310268998146
1,0.08029798790812492,0.05749892815947533,0.7512523531913757,1.4383508581668139,-0.042396143078804016,2.735040489467792
1,-0.542791579850018,-0.12476927414536476,1.1473388373851776,1.5907014897093177,-0.09428829699754715,1.7370780010242015
1,-0.6834646607749164,-0.07624657265841961,0.1243772804737091,1.7138487007468939,-0.13958197832107544,1.7010978620965034
1,-0.45882363617420197,-0.09419332165271044,-0.19940976798534393,1.970065463334322,-0.16671256721019745,-0.3478090171702206
1,-0.6430746940895915,-0.05105951614677906,0.10324203968048096,1.7072837287560105,-0.13735856115818024,1.8167250114493072
1,-0.6963284760713577,0.00917687825858593,-0.2290133833885193,1.7258131876587868,-0.1435915231704712,2.724223013035953
1,-0.2612037118524313,-0.14187054708600044,-0.9685255885124207,1.681730039883405,-0.14258472621440887,-0.4677898767986335
1,0.42296791821718216,-0.026061479467898607,3.5017879009246826,1.1053996477276087,-0.09376924484968185,2.2039453694596887
1,-0.5145271122455597,-0.04609628301113844,2.5716976523399353,1.1593790375627577,-0.06637261062860489,0.99222123157233
1,-0.4539056485518813,-0.08232444897294044,-0.6249521821737289,1.828130804700777,-0.1448499858379364,3.8614575383253396
1,-0.6806626617908478,-0.0854507889598608,0.9960868656635284,1.625359947211109,-0.15940095484256744,-0.6294642834691331
1,-0.37465150747448206,0.19491462782025337,-0.004673391580581665,1.7740032733418047,-0.158585786819458,1.276143805909669
1,0.03846187889575958,-0.019496309803798795,0.06278496980667114,1.5635108351707458,-0.14766961336135864,0.09579011308960617
1,-0.6247895583510399,0.2935406230390072,-0.17348533868789673,1.9371735327877104,-0.10382623225450516,0.5784895261749625
1,-0.5017646420747042,-0.04392663948237896,2.47807839512825,1.1505860972683877,-0.07254023849964142,0.7623508325777948
1,-0.6380581632256508,0.3129650838673115,-0.9416226446628571,2.0239427844062448,-0.12541238963603973,0.8881336597260088
1,-0.6214808002114296,-0.16407637298107147,-0.7664808034896851,1.9092410504817963,-0.15073645114898682,-0.5501476617064327
1,-0.20635089837014675,0.5146463215351105,0.7473434209823608,1.3229549964889884,-0.14020778238773346,-0.1331827810499817
1,-0.416848698630929,-0.0801411122083664,-0.9240342080593109,1.8516358495689929,-0.091563381254673,0.19796054787002504
1,-0.6950323022902012,-0.014461496844887733,0.747163861989975,1.6427163504995406,-0.16725337505340576,0.1408700158353895
1,-0.023273089434951544,-0.10902176424860954,-0.5733607113361359,1.7115010172128677,-0.1578923910856247,-1.0751258651725948
1,-0.5099924327805638,0.05160542204976082,-0.36030830442905426,1.970747665502131,-0.054973963648080826,-0.11203739745542407
1,-0.5051472457125783,0.07906450517475605,-0.7451927661895752,2.0165071377996355,-0.11820290237665176,-0.7954537561163306
1,-0.49281027913093567,-0.08168188855051994,1.4022862911224365,1.471633192151785,-0.05670137703418732,2.0509804838802665
1,-0.4170359733980149,0.07433157041668892,-0.9043004214763641,1.6805227634031326,-0.150901198387146,0.9928108702879399
1,-0.06450754846446216,0.007368147373199463,2.6433911323547363,1.2157660473603755,-0.10086993128061295,-0.18752715829759836
1,-0.4890466071665287,0.35572848841547966,1.433110237121582,1.7517736082372721,-0.03123522736132145,0.8527996517659631
1,-0.5359328761696815,-0.05286527797579765,-0.9716982245445251,1.816744520328939,-0.1662577986717224,0.260842697462067
1,0.7411438748240471,-0.03614879213273525,2.7471924424171448,1.1247269650921226,-0.019574232399463654,0.16206200182205066
1,-0.3723281975835562,-0.06046287156641483,1.3049370497465134,1.2079248167574406,-0.10780686140060425,0.30776421446353197
1,-0.5955104343593121,0.1617976427078247,1.4500248432159424,1.514514363836497,-0.09617897123098373,-0.4566453732550144
1,-0.5315246805548668,-0.0974864549934864,-0.9469153583049774,1.944092174526304,-0.12966562807559967,1.7174799891654402
1,-0.1591493785381317,-0.0319000193849206,-0.9238127768039703,2.1951290871948004,-0.1312975138425827,1.8108958965167403
1,-0.47640198189765215,0.2784961052238941,-0.3736506663262844,1.9784768102690578,-0.14055918157100677,0.5294857895933092
1,-0.49301961180754006,-0.1494995392858982,2.130732446908951,1.639438702724874,-0.11365727335214615,0.8618168449029326
1,-0.36690771766006947,0.14022928848862648,-0.947439581155777,1.7224801052361727,-0.10999272018671036,0.5867618578486145
1,-0.5290282689966261,-0.09514725208282471,1.2836863696575165,1.6237892939243466,-0.11277075856924057,0.04162790719419718
1,-0.23469319008290768,-0.045328556559979916,2.267222136259079,1.3141369763761759,-0.06825358420610428,-0.8573598794755526
1,-0.45924130361527205,-0.02354365587234497,1.8271326422691345,1.5289583411067724,-0.11942771077156067,2.1113033766159788
1,-0.6109429113566875,-0.12560785561800003,-0.11079967021942139,1.7724818093702197,-0.21869485080242157,1.9139531796099618
1,-0.1803320124745369,0.18598955124616623,-1.0009803473949432,2.040386321488768,-0.1561119109392166,0.41329564270563424
1,-0.5000067562796175,-0.10423434525728226,1.1878700256347656,1.4523532162420452,-0.08595383912324905,3.018434168305248
1,-0.5046290159225464,-0.10924277827143669,2.0355781614780426,1.6920859303791076,-0.1795840710401535,-0.19025572744430974
1,-0.3447444215416908,-0.06618603877723217,1.0792272984981537,1.2963273816276342,-0.14278115332126617,0.7612039148807526
1,0.22606856375932693,-0.014714661054313183,1.9997515976428986,1.4278544066473842,-0.11015138775110245,2.5173809218103997
1,-0.29815741814672947,-0.124268788844347,-1.094318836927414,1.9058985076844692,-0.12093297392129898,-1.6770442784763873
1,-0.3324841894209385,-0.024386695120483637,-0.9652962982654572,2.0142443012446165,-0.1588294953107834,1.2936942861415446
1,-0.07598647847771645,0.10466938279569149,0.5716309249401093,1.4509784393012524,-0.06873608380556107,1.1438204906880856
1,-0.28889451548457146,-0.12035095691680908,-0.2393144890666008,1.9547532256692648,-0.13516050577163696,0.5746129759354517
1,-0.42584015615284443,-0.1197979561984539,-0.9626492857933044,1.7910238523036242,-0.1352289766073227,-0.06957199773751199
1,-0.6147456578910351,-0.07488971948623657,-0.7540481984615326,1.9332416128600016,-0.14767397940158844,3.146018087398261
1,0.7408902253955603,-0.09730681777000427,-0.9421378970146179,1.7343798889778554,-0.12404485791921616,1.745376798324287
1,-0.4839442423544824,-0.05108687840402126,-0.4175237715244293,1.9000571658252738,-0.04487374424934387,3.008418587385677
1,-0.5361686889082193,-0.07192172622308135,-0.8935536742210388,1.8083040406927466,-0.14346398413181305,2.387276269495487
1,-0.3527471795678139,-0.1315786875784397,1.1403126753866673,1.3507874778006226,-0.17797066271305084,1.2900356324389577
1,-0.45078083500266075,-0.10136954858899117,0.49754613265395164,1.5482628038153052,-0.17112724483013153,-0.20969690254423767
1,-0.6055654711090028,-0.14589010551571846,1.14630276709795,1.6541617447510362,-0.08960902690887451,-0.6474761716090143
1,-0.33575299195945263,-0.05838129762560129,-0.9522360563278198,1.967209368944168,-0.049543410539627075,-0.7174268322996795
1,-0.4935637656599283,-0.06655244529247284,1.9877267181873322,1.5239303768612444,-0.13677577674388885,1.4003021923126653
1,-0.39914261642843485,-0.09025362506508827,1.0456650331616402,1.3685489273630083,-0.10831128805875778,2.170000075333519
1,-0.5388238504528999,-0.07700532395392656,0.8452427089214325,1.7462309815455228,-0.1447223722934723,0.8006371697410941
1,-0.7107166536152363,-0.051388366147875786,-0.6819926500320435,1.8276914358139038,-0.12165623903274536,0.6212501443224028
1,-0.6124198697507381,0.1359417587518692,-0.9440456330776215,1.876913288841024,-0.14899130165576935,-0.580379432067275
1,-0.5930550419725478,0.23542824760079384,-0.9282985031604767,1.9951795227825642,-0.12494107335805893,0.09779750747838989
1,-0.6537750773131847,-0.09578071348369122,-0.32313819974660873,1.997337281703949,-0.20914535224437714,1.5089517226442695
1,-0.6608215905725956,-0.11565989628434181,0.8619843646883965,1.7010195273905993,-0.17610836029052734,-0.6098481472290587
1,-0.4332299306988716,-0.13966506347060204,-0.4717097878456116,1.8527123532257974,-0.09809130430221558,1.3797813830897212
1,-0.5689084343612194,0.2954438055458013,-0.9995904266834259,1.8613611452747136,-0.07573337107896805,0.9274279866367579
1,-0.5202035056427121,-0.11124281026422977,-0.7251170873641968,1.9637479757293477,-0.13615365326404572,-0.6140104227815755
1,-0.07517342967912555,-0.09756219387054443,-0.9346122741699219,2.174933845642954,-0.11830499768257141,0.8006598064675927
1,-0.26326216757297516,-0.09276708960533142,-0.5325765758752823,2.1530646346509457,-0.150851771235466,0.8989088946254924
1,-0.4571068175137043,0.15436092019081116,-0.32249147444963455,1.798781433608383,-0.07897236198186874,0.9839789420366287
1,-0.57889049872756,-0.11307672411203384,-0.8716304004192352,1.9133183893281966,-0.10844815522432327,1.1318644809070975
1,-0.45843919296748936,-0.0962362140417099,1.962898850440979,1.1829092474654317,-0.1855451613664627,3.274562201462686
1,-0.48068675259128213,0.24588609859347343,-0.007850855588912964,1.784135976806283,-0.08606704324483871,-0.24651694216299802
1,0.10907178744673729,-0.1304592415690422,-0.9491595923900604,1.905208998825401,-0.13527566194534302,0.8755604224279523
1,-0.7149173580110073,0.1952226758003235,-0.7533976584672928,2.0902407225221395,-0.7346227765083313,1.7404101327992976
1,-0.5079420953989029,-0.05411960440687835,-0.35200970619916916,1.9101550271734595,-0.7103574275970459,0.9630804299376905
1,-0.18593461939599365,-0.040429770946502686,1.403672844171524,1.725488930940628,-0.6863603591918945,1.0991072298493236
1,-0.4934341609477997,-0.113579872995615,1.2574506253004074,1.437385693192482,-0.4913552701473236,0.5370441600680351
1,-0.6454228213988245,-0.035227641463279724,1.1407747864723206,1.6785598900169134,-0.7572471499443054,0.3345077952835709
1,-0.5604877704754472,-0.09350866079330444,-0.35238657891750336,1.8996774833649397,-0.7902569770812988,0.3589600601699203
1,-0.2642492102459073,-0.08208263665437698,-0.20531857013702393,2.311509558930993,-0.5929566025733948,0.1425758278928697
1,-0.7044759839773178,0.11833902262151241,2.5563541054725647,1.382185135036707,-0.5048454403877258,0.44603108521550894
1,-0.06331492715980858,-0.08412530645728111,-0.9708709716796875,2.236978717148304,-0.5709978938102722,3.0718888498377055
1,-0.7026798352599144,-0.06394241377711296,0.24031129479408264,1.602147288620472,-0.6087050437927246,0.8443082431331277
1,0.17654060572385788,-0.03999420627951622,-0.9404075741767883,1.9490601918660104,-0.696994960308075,1.632662408752367
1,-0.7587363794445992,-0.11100517585873604,-0.12893441319465637,1.9662276487797499,-0.5956341624259949,1.4954910636879504
1,-0.5641586864367127,-0.053949519991874695,-0.9379929006099701,1.9061701409518719,-0.7674474716186523,-0.06928588496521115
1,-0.6370120570063591,-0.06619488820433617,1.1358719766139984,1.8531094118952751,-0.5896142721176147,-0.42708809976466
1,-0.6343748476356268,-0.11856481805443764,0.7783986032009125,1.709207790903747,-0.7642458081245422,2.8588986033573747
1,-0.3410770632326603,-0.04459838196635246,1.4090816974639893,1.646654387935996,-0.8249921798706055,1.2294494272209704
1,-0.4373907893896103,0.06756464764475822,-0.673734188079834,1.8949645105749369,-0.577472448348999,1.2918749696109444
1,-0.5533599685877562,-0.029272696585394442,3.332307279109955,1.4601861583068967,-0.5407614707946777,0.8508528896491043
1,-0.5232365988194942,-0.019991446286439896,-0.7047341763973236,1.7429965730989352,-0.7420104146003723,1.6222313386388123
1,-0.4875930845737457,-0.04258788493461907,2.568023480474949,1.3021933203563094,-0.6117212176322937,-1.0863690974656492
1,-0.5317124929279089,-0.05681148171424866,1.0558148324489594,1.5627711545675993,-0.7088261246681213,2.164315632893704
1,-0.44392433762550354,-0.044489938765764236,0.4889592230319977,1.9845123356208205,-0.6600753664970398,0.9614033470861614
1,-0.4895170871168375,-0.05959939956665039,3.6410157680511475,1.344876672141254,-0.5157386660575867,0.63132827822119
1,-0.4969180207699537,-0.08899576216936111,0.7761878669261932,1.7272469941526651,-0.5009194016456604,2.391818064963445
1,-0.2908676993101835,0.07390422001481056,1.4551483243703842,1.7325489139184356,-0.6554304361343384,1.9058244777843356
1,-0.539527665823698,-0.11290711164474487,-0.03847867250442505,2.0962072033435106,-0.5059455633163452,1.1980670113116503
1,-0.6130617670714855,-0.08932873792946339,2.5422699358314276,1.3492131918901578,-0.5075705647468567,2.3455564551404677
1,-0.5418961457908154,-0.05625558365136385,1.1364808976650238,1.6131181598902913,-0.6100148558616638,1.4308984205126762
1,-0.5393270989879966,-0.040532378014177084,2.4528907239437103,1.4309185951133259,-0.4452793598175049,0.14504803018644452
1,-0.6205146722495556,0.002507474273443222,-0.9319922029972076,2.1718972586095333,-0.6982329487800598,0.4252882150467485
1,0.2302650809288025,-0.12006546184420586,1.9158356487751007,1.9984396742656827,-0.6694943904876709,0.6694669933058321
1,-0.174313522875309,-0.11375865340232849,0.825078971683979,1.7748921616002917,-0.6425415873527527,2.705843155272305
1,-0.37256584875285625,-0.113077063113451,1.4271589517593384,1.68883316218853,-0.6379876732826233,0.4363282457925379
1,0.012726111337542534,-0.11886968091130257,0.5010563433170319,1.7866044715046883,-0.636688768863678,3.2261209008283913
1,-0.6147463358938694,-0.06285103037953377,-0.7667373716831207,1.9214922357350588,-0.6138967275619507,0.1880073845386505
1,-0.32460781559348106,-0.11359817907214165,0.15079286694526672,1.7129751984030008,-0.4255855977535248,-2.8806609120219946
1,-0.21961245965212584,0.16264748014509678,0.9119793474674225,2.1352456379681826,-0.5798060894012451,1.0121108307503164
1,-0.28169844299554825,-0.11558679863810539,0.2000943124294281,1.8487705141305923,-0.6065648198127747,1.5356372250244021
1,-0.6377968527376652,0.2580610029399395,-0.4875761643052101,2.1930913105607033,-0.5444604158401489,-0.5633265391661553
1,-0.29521277779713273,0.03458263911306858,2.5372727885842323,1.237768954364583,-0.4170388877391815,0.8850425812997855
1,-0.2749478109180927,-0.10454413667321205,1.2880297303199768,1.5785125466063619,-0.7350206971168518,0.23460437171161175
1,0.5540377527941018,0.2176514007151127,-0.9743271172046661,1.9780552554875612,-0.7352544665336609,1.2771738325245678
1,-0.5486735426820815,-0.12092480435967445,-0.7489313036203384,2.0702868159860373,-0.6143288612365723,1.799803082132712
1,-0.31423210632056,-0.1307612918317318,-0.27787306904792786,1.7282393332570791,-0.5786646008491516,0.3863027049228549
1,-0.08673833683133125,-0.06459211651235819,0.9232387542724609,1.7418981017544866,-0.5808613300323486,-0.6449216182809323
1,-0.5298643857240677,-0.08833806216716766,-1.003909856081009,1.852122463285923,-0.6505020260810852,0.07079773605801165
1,-0.5791855026036501,-0.12462233752012253,-1.0063878297805786,1.9599753161892295,-0.5199101567268372,-0.037389250472187996
1,-0.5962748993188143,-0.08872921764850616,-0.9291519820690155,1.8276253333315253,-0.615050733089447,1.165700851706788
1,-0.46402045525610447,0.20158191584050655,0.24380365014076233,1.8988338932394981,-0.6403577923774719,0.7117391990032047
1,-0.3958331495523453,-0.045834689401090145,1.3793222308158875,1.778592124581337,-0.6363677382469177,1.7195345491636544
1,-0.41073989449068904,-0.11207795515656471,2.204437404870987,1.1833199802786112,-0.485888808965683,0.6832527448423207
1,-0.4605097882449627,-0.11218759790062904,1.1925925314426422,1.7335168567951769,-0.6789520382881165,1.2025103399064392
1,0.0179870268329978,-0.08381841331720352,0.03667187690734863,2.2114741182886064,-0.7859570384025574,2.96087967074709
1,-0.6173540788004175,-0.07300826534628868,0.8642158508300781,1.5859331814572215,-0.5938466191291809,-0.265771136560943
1,-0.5744267354602925,-0.06263267621397972,-0.9789575040340424,2.0742078786715865,-0.6589174866676331,1.622767225955613
1,-0.52322458231356,-0.11486554890871048,-1.0243494808673859,1.9650151263922453,-0.580255925655365,-0.5386121029296191
1,-0.550382795277983,-0.06525796838104725,1.152958869934082,1.7427137661725283,-0.5788369178771973,-0.1871561612933874
1,-0.47911682102130726,-0.10840484499931335,0.6380844116210938,1.847059459425509,-0.7289333939552307,0.13762378750834614
1,-0.03595151240006089,0.2786637395620346,-1.0275022685527802,2.2449387311935425,-0.6365938186645508,-1.6292435862123966
1,-0.5639783000806347,0.39131877198815346,0.30180662870407104,1.9489790238440037,-0.5712127089500427,1.421581856906414
1,-0.2552243396639824,-0.06460506716393866,-0.7080847024917603,2.3523800019174814,-0.6849290728569031,0.03963476949138567
1,-0.5688264165073633,-0.07800030894577503,1.9822341054677963,1.61617177631706,-0.6452367901802063,2.174196649764781
1,-0.2159893922507763,-0.0568811004050076,0.5366734564304352,1.826245240867138,-0.44590672850608826,1.4306291015818715
1,-0.301122271688655,-0.11287522688508034,0.2151491641998291,1.9017388811334968,-0.5325349569320679,0.43439223314635456
1,-0.4773277440108359,0.006368561647832394,2.514086566865444,1.3834206629544497,-0.6197757720947266,1.1419790387153625
1,-0.601251700281864,-0.08071904443204403,-0.932864636182785,2.076452663168311,-0.6893517374992371,1.0736812305694912
1,-0.5019183121621609,-0.10296185314655304,-0.9323368966579437,1.7988266050815582,-0.7285022735595703,2.997219093842432
1,-0.5160588528960943,-0.12255568988621235,2.227671265602112,1.6451023686677217,-0.6485405564308167,0.3260071097611217
1,-0.17468451894819736,-0.015637150034308434,2.323303699493408,1.803705460159108,-0.4930477440357208,0.23278890759684145
1,-0.616501598386094,0.0639120377600193,0.7366097271442413,1.5998224020004272,-0.5580787062644958,-1.4515115264803171
1,-0.34822527249343693,0.19309590756893158,-0.7547210156917572,2.074774434790015,-0.7092440724372864,1.9590040168259293
1,-0.3661321848630905,-0.05740944854915142,-0.7841828316450119,2.0479250699281693,-0.6812192797660828,0.8490528699476272
1,-0.33385156840085983,0.5260326266288757,0.4247575104236603,1.7979942094534636,-0.6398959755897522,1.025836244923994
1,-0.5857806820422411,-0.06774567626416683,-0.6498845219612122,2.068716977722943,-0.6682317852973938,1.8159843551693484
1,0.12131188996136189,-0.008390543982386589,-0.13870969414710999,2.2943240639870055,-0.4137481451034546,-0.9902812163345516
1,-0.3119720877148211,0.10656122863292694,-0.5655544176697731,1.896818459033966,-0.6655625700950623,-1.1360453336383216
1,-0.356533395126462,-0.04554305854253471,-0.987773209810257,2.010053340345621,-0.6689150333404541,1.31414245814085
1,-0.2369820401072502,0.27103400602936745,-0.4969439134001732,2.0471319500356913,-0.676048219203949,1.403818755876273
1,-0.585466381162405,-0.08016897365450859,-0.9267259240150452,2.020430661737919,-0.6526997685432434,1.9626931841485202
1,-0.06877205520868301,-0.062129219993948936,1.679059624671936,2.069500940851867,-0.6251783967018127,1.5367374503985047
1,-0.17040887102484703,-0.07013129442930222,-0.8888660371303558,2.2484651715494692,-0.6366215348243713,3.2392293417360634
1,-0.5812007803469896,-0.08618419617414474,-0.7239635139703751,1.8517857510596514,-0.6455597281455994,2.0397224565967917
1,-0.2863583378493786,-0.1185578815639019,3.138579785823822,1.4742063991725445,-0.6577045321464539,0.20259748469106853
1,-0.4196451511234045,0.27255140990018845,-0.2510799765586853,2.019336648285389,-0.5812428593635559,2.4829343506135046
1,-0.35969099029898643,-0.04096962884068489,-0.7603322714567184,1.786337287936476,-0.5466969609260559,5.969708524644375
1,-0.5884905206039548,0.20685125887393951,-0.10155096650123596,2.0181457474827766,-0.6232538223266602,2.027962584863417
1,-0.7725331075489521,-0.10948162898421288,-1.029902309179306,2.1548002660274506,-0.5228932499885559,-0.055008730851113796
1,-0.5250067617744207,-0.044152697548270226,0.051676586270332336,1.7872020779177547,-0.629733145236969,-0.23601440666243434
1,-0.4237547470256686,-0.1221395991742611,0.3442242741584778,1.795708210207522,-0.5164418816566467,-0.2398734063608572
1,-0.21947196463588625,-0.037287437822669744,0.3251936733722687,2.043283462524414,-0.5635842680931091,-0.5483738603070378
1,-0.5277952296892181,0.16681036725640297,-0.020427167415618896,1.9445631708949804,-0.7657516002655029,1.577729518234264
1,-0.5163857266306877,-0.12287331745028496,1.8615820407867432,1.8572379859979264,-0.5920960307121277,-1.284400840755552
1,-0.6102985925972462,-0.09734398499131203,-0.6681218445301056,2.2087654788047075,-0.6223548054695129,-0.827439951011911
1,-0.14190596202388406,-0.06445734202861786,-0.9628021419048309,2.572344214655459,-0.62413489818573,1.1314088571816683
1,-0.3661821372807026,-0.06003658287227154,-0.24963799118995667,1.7023684019222856,-0.605049192905426,0.911105660838075
1,-0.638630049303174,-0.10909175500273705,2.2506032288074493,1.741762101650238,-0.4851439893245697,1.3893316564353881
1,-0.6961028012447059,0.0030384454876184464,-0.9277698695659637,1.990323482081294,-0.6516038775444031,-0.25023057544603944
1,-0.25278843101114035,0.5286093689501286,1.3557203114032745,1.5454070619307458,-0.7150865197181702,-0.6776689211837947
1,-0.7123263254761696,0.03400239907205105,2.3367350697517395,1.5130753298290074,-0.5694023370742798,-0.5520351738668978
1,-0.5698939599096775,0.19462864595698193,-0.9134215712547302,1.9521689414978027,-0.7017185091972351,2.4543081779265776
1,0.7159929238259792,-0.08100080862641335,-0.43028178066015244,1.9412712305784225,-0.7576058506965637,-0.6485478511312976
1,-0.5066062931437045,-0.06744448840618134,-0.392134141176939,1.9912416879087687,-0.5525358319282532,-0.7453376199118793
1,-0.49207501765340567,0.13895123079419136,-0.980670839548111,2.161996189504862,-0.6260657906532288,-0.40894193737767637
1,0.5287739634513855,-0.05650603864341974,1.890458196401596,1.6397016048431396,-0.5464704036712646,0.8514882535673678
1,-0.44851061096414924,-0.05752711370587349,1.633821964263916,1.68486556597054,-0.5645731091499329,-1.1017215193714947
1,-0.3518161401152611,0.19946767576038837,-0.08995962142944336,1.8920376189053059,-0.6042805314064026,-0.5030295972246677
1,-0.2451840229332447,-0.0016277246177196503,-0.8762500733137131,-0.45197868067771196,0.6345789432525635,0.9978155540302396
1,-0.11601476091891527,0.1252850629389286,1.889641523361206,-0.2676358751486987,0.42407000064849854,0.08429748006165028
1,-0.17485953122377396,-0.06764219328761101,-0.8070427179336548,-0.552103815600276,0.6142958402633667,1.5138282848056406
1,-0.28253040090203285,-0.003921842202544212,0.27605515718460083,-0.494697954505682,0.5884544849395752,1.3251879898598418
1,-0.04862995445728302,-0.08220149576663971,0.5633420348167419,-0.39376655546948314,0.7186409831047058,2.02013336122036
1,-0.05063467100262642,-0.061227720230817795,-0.18047748506069183,-0.4895010734908283,0.6635414958000183,0.752139859367162
1,1.0111970432917587,-0.09052076376974583,0.46653977036476135,-0.3849817756563425,0.7622852325439453,1.6314748586155474
1,-0.34287767857313156,0.08392055705189705,-0.11080801486968994,-0.4415914723649621,0.6654672026634216,-0.2390963458456099
1,-0.326703492552042,-0.07485753856599331,4.169275879859924,-0.24160594725981355,0.438279390335083,2.117227728711441
1,-0.1773817278444767,-0.013155020773410797,-1.091432273387909,-0.4429266769438982,0.5601207613945007,1.855635306914337
1,-0.07102735340595245,0.01451212540268898,-0.12056350708007812,-0.49298836570233107,0.7734463810920715,1.9781119371764362
1,-0.054813534021377563,0.021222112700343132,-1.0983674824237823,-0.44983067736029625,0.598591148853302,0.7442516821902245
1,-0.3334249034523964,0.12960734963417053,0.17431193590164185,-0.43863733671605587,0.6605541706085205,-0.34364286734489724
1,1.086389409378171,-0.02140964101999998,-0.04679134488105774,-0.422160929068923,0.6653026938438416,1.6788133312948048
1,-0.3232085704803467,-0.013494467362761497,1.2727374695241451,-0.42139693861827254,0.47208842635154724,-0.15783717413432896
1,-0.19554060883820057,0.5121008902788162,-1.1735075116157532,-0.552506135776639,0.5982120633125305,-0.945742662763223
1,-0.32097875140607357,-0.013200204819440842,-0.7935658395290375,-0.4430215787142515,0.6941640973091125,-0.2745976666919887
1,-0.11133691715076566,-0.10324835777282715,1.5878832340240479,-0.3383730393834412,0.7765663266181946,0.2749254447990097
1,0.018063955008983612,-0.07933082804083824,-0.23707233369350433,-0.39242264349013567,0.7060317397117615,1.1434026613424066
1,0.22492988128215075,-0.07134135812520981,-0.1516834795475006,-0.42627296783030033,0.6444712281227112,-1.5521129304543138
1,-0.011433890089392662,-0.09608383104205132,2.5731070935726166,-0.2679265886545181,0.499800443649292,1.4115675427601673
1,0.14578868076205254,-0.03818177152425051,-0.6122852759435773,-0.4460996054112911,0.8019796013832092,0.8113415680127218
1,-0.13589721592143178,-0.06710725650191307,0.4294435679912567,-0.4573430586606264,0.8589802384376526,1.8361066959332675
1,-0.0755392536520958,-0.06544001214206219,1.4216627478599548,-0.28902936400845647,0.53538578748703,0.7613645006495062
1,-0.20470004342496395,-0.012819016934372485,0.8247489929199219,-0.44679042929783463,0.6161059737205505,-0.5632800096645951
1,-0.28965577855706215,-0.07640553824603558,0.2773091793060303,-0.40621431451290846,0.8494035601615906,2.441125705372542
1,-0.32636086270213127,0.28651013225317,2.399375766515732,-0.3685869905166328,0.438305139541626,2.170028496417217
1,0.04621122218668461,-0.09686742722988129,-1.1542085707187653,-0.5081559289246798,0.7652505040168762,0.4774177656508982
1,-0.27421618439257145,0.2196559477597475,1.5915170758962631,-0.4016329545993358,0.5984482169151306,2.889042973256437
1,0.8591096075251698,0.36821145098656416,-0.03187188506126404,-0.4975267481058836,0.6540135741233826,-0.2187746313866228
1,0.40799780189991,-0.10072306171059608,3.968059778213501,-0.3228389290161431,0.6398691534996033,-0.28908600797876716
1,-0.4433141201734543,-0.0207295473664999,0.8053286075592041,-0.4307681415230036,0.6654300093650818,-0.24994220188818872
1,0.13549932464957237,-0.08176784589886665,0.23763637244701385,-0.36312748678028584,0.7515289187431335,1.6434103050269186
1,-0.09797624871134758,-0.057522427290678024,2.05537810921669,-0.30401292008173186,0.44373321533203125,-0.24323882878525183
1,-0.2795072253793478,-0.07992928475141525,-0.9942328333854675,-0.422385863494128,0.6324927806854248,-0.2016889126971364
1,-0.18830646015703678,-0.04642481543123722,0.8372793197631836,-0.4070813520811498,0.6650378108024597,1.789059843402356
1,-0.3420100510120392,-0.039246476255357265,-0.7672509551048279,-0.4834710322320461,0.7106199860572815,1.0613894637208432
1,-0.29056980088353157,-0.08252199552953243,-0.5939096361398697,-0.5104040782898664,0.5887172818183899,-1.0047718377318233
1,0.9412375023821369,0.10763748362660408,-0.3897359073162079,-0.4270608704537153,0.6491909027099609,1.5874977073981427
1,-0.3234720975160599,-0.04755929112434387,-0.3162032477557659,-0.4507171446457505,0.7467029094696045,0.75444306852296
1,-0.2976961210370064,0.20902782678604126,4.238166928291321,-0.3029156115371734,0.4877791404724121,0.2529599582776427
1,-0.24772390350699425,-0.06541364639997482,-0.9004606902599335,-0.45273224636912346,0.6288802623748779,0.31399344466626644
1,-0.21983421593904495,-0.025452781468629837,-1.0699594914913177,-0.4819413097575307,0.7169510722160339,1.0551615599542856
1,0.2041097041219473,-0.03869471698999405,-0.6725283265113831,-0.42554238880984485,0.7077437043190002,0.43564081052318215
1,-0.03855352336540818,0.36517087928950787,2.7998546212911606,-0.2463221326470375,0.4224694073200226,2.8326331791467965
1,-0.22267531231045723,-0.08758416771888733,-0.6964968889951706,-0.5224286448210478,0.7152905464172363,-0.03967570133681875
1,-0.3716453034430742,-0.06924303062260151,2.31132972240448,-0.3439407837577164,0.6535664796829224,1.4734689625911415
1,0.5377744995057583,-0.03681299556046724,2.4490141570568085,-0.2842045919969678,0.45296573638916016,1.408910165191628
1,0.9623548286035657,-0.07889065891504288,0.5119905024766922,-0.3988036531955004,0.6583465933799744,0.33718163368757814
1,0.8845911342650652,0.29524790309369564,0.3297886252403259,-0.3370681405067444,0.7236242294311523,1.2892979679163545
1,0.7476206719875336,0.1344065312296152,-0.7652858197689056,-0.43488703621551394,0.5630765557289124,-1.8071473147720098
1,-0.10647036414593458,-0.05662967637181282,2.4841319918632507,-0.3029276402667165,0.6777383685112,1.00190595688764
1,-0.13601330295205116,0.33124567195773125,1.6376497149467468,-0.33324641082435846,0.4186449348926544,1.7298806031467393
1,0.7343320921063423,-0.06672943197190762,-0.004007130861282349,-0.3875301629304886,0.7825691103935242,0.011975095985690132
1,-0.36442886712029576,-0.07859678193926811,1.1321133375167847,-0.41304340912029147,0.5078817009925842,-0.2624083682894707
1,0.9819150380790234,0.26394076086580753,-1.0953235924243927,-0.47695945343002677,0.6157615780830383,1.4782269775532768
1,-0.20654582977294922,0.008095227181911469,-0.5372240766882896,-0.47914463467895985,0.6793082356452942,0.3764992752112448
1,-0.3366319858469069,-0.044941771775484085,0.9402795732021332,-0.4050725996494293,0.5789946913719177,1.7451527448138222
1,-0.1714219069108367,-0.09452090039849281,0.506791889667511,-0.30846207262948155,0.6864431500434875,0.7180153271183372
1,-0.2784486591699533,0.04460421483963728,2.739434629678726,-0.28865821566432714,0.4620307981967926,1.0738625787198544
1,-0.28985270019620657,-0.05188990384340286,-0.2744908034801483,-0.4683871939778328,0.6927399635314941,0.6265490907244384
1,-0.2518658163025975,-0.051720247603952885,-0.3692605122923851,-0.4412923688068986,0.8034707903862,1.2609319128096104
1,-0.2845191997475922,-0.026825066655874252,-0.2739406870678067,-0.42690297961235046,0.6858590245246887,-1.4859956876607612
1,1.0373941780999303,-0.07953410409390926,-0.26415619254112244,-0.32747599855065346,0.6034308075904846,1.2923790542408824
1,0.2227846421301365,0.15766707994043827,3.0140786916017532,-0.2737561110407114,0.6308560371398926,2.248882463434711
1,-0.2986727263778448,-0.10728296637535095,1.0895714461803436,-0.32923622988164425,0.541432797908783,1.1263124728575349
1,0.18227509781718254,0.43438935466110706,1.6792301833629608,-0.5199182736687362,0.6558189392089844,0.6077940334798768
1,-0.15922904200851917,-0.06679579243063927,2.25846928358078,-0.27173327188938856,-0.23587369918823242,1.4035477465949953
1,-0.3607908762060106,0.00652005709707737,2.7910277917981148,-0.3241872740909457,-0.2069394737482071,1.9092280762270093
1,0.7655585135798901,-0.05716243386268616,0.7450888454914093,-0.4122972982004285,-0.18905854225158691,0.4597996964585036
1,-0.14467139216139913,0.31820339523255825,1.7937829196453094,-0.3104023616760969,-0.1947466880083084,1.157466639764607
1,-0.2486095167696476,-0.08314285054802895,0.5190853178501129,-0.37405365193262696,-0.20479047298431396,-0.7500174981541932
1,-0.43839773908257484,-0.10267821326851845,0.7506477534770966,-0.38600325491279364,-0.23174647986888885,1.4141270900145173
1,-0.20062721241265535,0.022127235308289528,2.945670485496521,-0.3210631739348173,-0.14559680223464966,0.795427676755935
1,-0.2785042325849645,0.19785115588456392,0.15008139610290527,-0.37892618658952415,-0.18963836133480072,-0.12873803218826652
1,0.7154464684426785,-0.06407583504915237,1.8938275575637817,-0.34038354782387614,-0.11598384380340576,0.17313105310313404
1,-0.24116343131754547,-0.06576231308281422,3.4856221675872803,-0.1669722287915647,-0.20004063844680786,0.6815707787172869
1,-0.3551855757832527,-0.08859048783779144,-0.4209386110305786,-0.33868907764554024,-0.1931885927915573,1.1316162956645712
1,-0.3730112873017788,0.02984805777668953,2.0886177718639374,-0.4183184616267681,-0.12341731786727905,-0.08326250314712524
1,0.01817765086889267,-0.06024587340652943,1.1567705869674683,-0.29923376627266407,-0.22813968360424042,1.4078495004214346
1,-0.3785491157323122,-0.05877516604959965,1.1452919244766235,-0.22654161005630158,-0.11348811537027359,1.017654283437878
1,-0.0749928392469883,0.6317169666290283,1.8022592216730118,-0.39147622865857556,-0.18409313261508942,1.7656410172348842
1,-0.4614640474319458,-0.09169640019536018,-0.930900514125824,-0.4202835278119892,-0.10347345471382141,-1.0512093380093575
1,0.8641374446451664,-0.058975132182240486,2.6757247298955917,-0.22160016279667616,-0.1268826127052307,-1.0310420244932175
1,-0.4986228570342064,0.15760770067572594,0.12251919507980347,-0.39062598161399364,-0.22107183933258057,1.5482342527247965
1,-0.40944134071469307,-0.08185433223843575,-0.8777732253074646,-0.41837229765951633,-0.1537700742483139,1.4768300449941307
1,-0.3979693427681923,0.08494482189416885,2.6662138998508453,-0.3179966793395579,-0.18172816932201385,0.3932864081580192
1,-0.1483451472595334,0.4140385463833809,1.5703062415122986,-0.5152932545170188,-0.1357019692659378,0.23846045578829944
1,-0.36442683544009924,-0.04232343100011349,0.9315018653869629,-0.3195208655670285,-0.19557000696659088,0.17822464578785002
1,0.21258918568491936,-0.05067187547683716,2.521690756082535,-0.2591963796876371,-0.19320552051067352,0.6120405590045266
1,-0.26939237490296364,0.13443467393517494,1.9145682975649834,-0.36886718620917236,-0.12957336008548737,1.6885824487544596
1,-0.028201832785271108,-0.06334490701556206,0.47707873582839966,-0.3329739570617676,-0.23731116950511932,0.9159572403877974
0,-0.41072529274970293,0.3209862597286701,-1.196340262889862,-0.7122714270371944,0.27204629778862,-0.9897443446097896
0,-0.4507543556392193,-0.07168600894510746,-1.0873773694038391,-0.8147720862179995,0.2838880717754364,-1.2974715265445411
0,-0.4158109948039055,0.20825965330004692,1.7258288264274597,-0.6072134382557124,0.3196747601032257,-0.3837649534107186
0,-0.23051846167072654,-0.10809184610843658,-1.1809653639793396,-0.7753991736099124,0.22316639125347137,-0.7915298277512193
0,-0.29051269590854645,-0.0656556710600853,-1.0722818076610565,-0.7757298797369003,0.31419166922569275,-1.9093967471271753
0,-0.3671717494726181,-0.11856506392359734,-0.43233178555965424,-0.8035206152126193,0.2707890272140503,-1.3671316590625793
0,0.16539936140179634,-0.07245860993862152,-0.6844780594110489,-0.8403307609260082,0.19057177007198334,-0.07245369884185493
0,-0.00943063572049141,-0.11436713300645351,-1.167489379644394,-0.8214949890971184,0.26847580075263977,-0.21054830844514072
0,-0.45588158071041107,-0.11216431111097336,-1.2284250259399414,-0.7725103097036481,0.32176268100738525,0.12278162920847535
0,-0.3324009421048686,-0.13870640099048615,-0.87049800157547,-0.7721974104642868,0.2862745523452759,-1.0246046022512019
0,-0.33638289105147123,-0.11563887447118759,-0.9507096409797668,-0.8112174114212394,0.1973813772201538,-0.4223130484460853
0,-0.39205530658364296,-0.08169996365904808,-0.7208993434906006,-0.7067071902565658,0.22429025173187256,-0.7984796316013671
0,-0.437960933893919,-0.07800030335783958,-0.7591874152421951,-0.7885083458386362,0.21709488332271576,-0.27231701742857695
0,-0.3348491042852402,-0.011726491153240204,-0.3687823638319969,-0.7700982540845871,0.22272904217243195,-1.6762037128210068
0,-0.28468242287635803,0.1377706527709961,-1.0250526070594788,-0.8594399318099022,0.27421584725379944,-0.6847757857758552
0,-0.33630418218672276,-0.053465377539396286,-0.30657670740038157,-0.8041268279775977,0.2358410805463791,-0.6680966364219785
0,-0.02026309445500374,-0.1175450012087822,-1.1893446445465088,-0.8056462137028575,0.20348398387432098,-0.6574970501242206
0,-0.24528109095990658,0.4790450930595398,1.1370362043380737,-0.719656971283257,0.22237278521060944,-1.3122174752643332
0,-0.30688868183642626,-0.12220074608922005,-0.42463408410549164,-0.7997692658973392,0.20441652834415436,0.24027165782172233
0,-0.07504314929246902,0.242873415350914,-0.9363515079021454,-0.612348347902298,0.27502089738845825,-0.0879426974861417
0,-0.13818956911563873,-0.09481425769627094,-1.304545283317566,-0.7876826198771596,0.30618250370025635,-1.3277649558149278
0,0.0993201598757878,-0.11748338863253593,-0.42201323062181473,-0.7455114114563912,0.13363800942897797,-2.2618141933344305
0,-0.41905997321009636,-0.11247977241873741,-1.1615324318408966,-0.8542702617123723,0.22458338737487793,0.10357012436725199
0,-0.4125200863927603,-0.14355655759572983,-0.9180936962366104,-0.7750823656097054,0.264992356300354,-0.7230239422060549
0,-0.42227939516305923,-0.09596525132656097,-1.0233875811100006,-0.7955660512670875,0.31316694617271423,-0.808237694131094
0,-0.07004835456609726,-0.07767537981271744,-0.9521900415420532,-0.7211284637451172,0.21528972685337067,0.893063856754452
0,-0.3886704556643963,-0.06839786609634757,-1.0283653438091278,-0.7304869452491403,0.2284134030342102,-2.10623882827349
0,-0.46059465408325195,0.0960402637720108,-1.197025716304779,-0.7887926576659083,0.32487884163856506,1.0526087020989507
0,0.048496149480342865,-0.11215049028396606,-1.1568309664726257,-0.7859401097521186,0.20931346714496613,0.05798101716209203
0,-0.3975856713950634,-0.07333916984498501,-0.7998026311397552,-0.7894780008791713,0.16588300466537476,-0.6544518667797092
0,-0.29370998963713646,-0.12446736171841621,-0.6534292548894882,-0.816473938524723,0.26345986127853394,-0.5536006321199238
0,-0.30730978585779667,-0.08062954805791378,-1.0546542406082153,-0.9232181599363685,0.2271684855222702,-1.1940725775202736
0,-0.26801148150116205,0.45044394582509995,-0.0402984619140625,-0.7423805685248226,0.28068283200263977,-0.12113524042069912
0,-0.2582610147073865,-0.08723314478993416,-1.2454756498336792,-0.8383913896977901,0.2232183963060379,-0.8021490005776286
0,-0.315814733505249,-0.1272037960588932,0.09432047605514526,-0.8230476083699614,0.18813717365264893,-0.939570174590699
0,-0.28672747127711773,-0.00610886886715889,0.18050545454025269,-0.7680553924292326,0.3050081133842468,-0.9577689821308013
0,-0.07943279482424259,-0.025124821346253157,-0.2760431468486786,-0.8874078243970871,0.2567167282104492,0.14467668015277013
0,-0.1601486885920167,0.32825352624058723,-1.0376514792442322,-0.84452024102211,0.3226434290409088,1.5497816066053929
0,-0.29412489477545023,-0.013691278174519539,-1.0078408420085907,-0.8584368638694286,0.17888061702251434,-2.228504242375493
0,-0.3125620000064373,-0.13755542039871216,-0.23997847735881805,-0.7884544208645821,0.24425868690013885,0.31910647125914693
0,-0.17639318387955427,-0.011087113991379738,-1.146353304386139,-0.9447928536683321,0.2333046793937683,-0.44557806494412944
0,-0.2720458023250103,-0.10969226248562336,-1.1399824619293213,-0.8034888170659542,0.24078011512756348,0.37333057884825394
0,0.17566959327086806,-0.08584782667458057,-0.40269842743873596,-0.7991336500272155,0.18119114637374878,-0.8140162257477641
0,-0.2726410888135433,-0.09207822754979134,0.09008608758449554,-0.8060499476268888,0.2843257784843445,0.029348145937547088
0,-0.19608813151717186,0.5051441732794046,-1.1543734073638916,-0.8826748756691813,0.2596161663532257,-0.820405846927315
0,-0.2886107945814729,-0.10910562798380852,-0.14350935816764832,-0.8369483212009072,0.19599942862987518,-0.6025105412118137
0,-0.28152604028582573,-0.10137702152132988,-0.5085053108632565,-0.7832409043330699,0.12220805883407593,-2.2507337271235883
0,-0.11870452715083957,-0.08776738494634628,-0.8178001940250397,-0.8350594360381365,0.21920429170131683,-0.1152320799883455
0,-0.10754464659839869,-0.10370100289583206,-1.1837626099586487,-0.89405039511621,0.29886099696159363,0.03289768740069121
0,-0.11530615575611591,-0.040358158526942134,-1.1324279308319092,-0.7880317214876413,0.2986784875392914,-0.3997877927031368
0,-0.22692351299338043,0.039439997325189324,-1.205396294593811,-0.8258698461577296,0.3788680136203766,0.7060764040797949
0,-0.2986874678172171,-0.07804416306316853,-1.1272298097610474,-0.8812090754508972,0.2526978850364685,-0.7378230523318052
0,-0.24315808480605483,-0.06398750003427267,-1.0952918827533722,-0.8500945111736655,0.2855164110660553,-0.5881152092479169
0,-0.20225231981748948,0.017823748290538788,-0.8112542033195496,-0.8289847117848694,0.16821826994419098,-1.8886064217658713
0,-0.29833996668457985,-0.11943548731505871,-0.5836925506591797,-0.7630441691726446,0.2389405518770218,-0.9691263670101762
0,-0.09766556322574615,0.358428668230772,-1.203185796737671,-0.8548845939803869,0.23561792075634003,-1.8759052367713593
0,-0.2929553184658289,-0.06058206968009472,-1.174949824810028,-0.8672613734379411,0.2167031317949295,0.7650412896182388
0,-0.2250548591837287,-0.11282094568014145,-0.7848987579345703,-0.7816489809192717,0.3063359558582306,-1.7911853296682239
0,-0.2674784529954195,-0.07463762909173965,0.35675546526908875,-0.7367718033492565,0.18849189579486847,-1.8954657758586109
0,-0.1830878835171461,0.3906337693333626,-1.1159625053405762,-0.9051095396280289,0.2545345723628998,-0.444036515429616
0,-0.14426802285015583,-0.0871874038130045,0.9153192639350891,-0.7232531858608127,0.18463866412639618,-0.19144597835838795
0,-0.24339679116383195,-0.12087761983275414,0.2510642260313034,-0.7974803801625967,0.24143709242343903,-1.2071428212802857
0,-0.2539173783734441,-0.11056055873632431,-1.0881628096103668,-0.8171092001721263,0.048172127455472946,-1.2607656163163483
0,-0.2636886890977621,-0.10962149873375893,-1.1752755641937256,-0.7856891071423888,0.057445067912340164,-1.3452115692198277
0,0.42723683547228575,-0.07527418993413448,-0.9154296219348907,-0.7645410420373082,0.12675052881240845,-1.5673023834824562
0,-0.015242934226989746,-0.10451151803135872,0.26904553174972534,-0.7664077030494809,0.059038836508989334,-1.6871617739088833
0,-0.07163167372345924,-0.09607140719890594,0.6589697897434235,-0.8114775251597166,0.05197533965110779,-0.9355583742726594
0,0.05906454217620194,0.39135886263102293,-1.0475005507469177,-0.8745256289839745,0.10363501310348511,-1.797567450965289
0,-0.004617251455783844,0.04751652479171753,-0.5674184747040272,-0.7503975536674261,0.1249796524643898,0.3737204350763932
0,-0.22153522679582238,-0.13212862983345985,-1.2135877013206482,-0.765109489671886,0.11829333752393723,0.0976017375360243
0,-0.12058772007003427,-0.11654594168066978,-1.0955144762992859,-0.7668374562636018,0.09736718982458115,-1.0239235968329012
0,0.17653556540608406,-0.07545936293900013,-1.170614778995514,-0.7129830433987081,0.09751230478286743,-1.539965958072571
0,-0.3510356619954109,-0.07761358097195625,0.9118495285511017,-0.6101697099657031,0.07418545335531235,-0.6827541729435325
0,0.06944337487220764,-0.08674534596502781,-0.20913976430892944,-0.6742180162109435,0.11420822143554688,-1.004665274231229
0,-0.03310684859752655,-0.11647612228989601,-1.2419624328613281,-0.8054327154532075,0.11288584023714066,-0.9668093281798065
0,-0.40386153757572174,-0.10826270282268524,-0.7244397774338722,-0.7840301916003227,0.0856785774230957,-0.08027751371264458
0,-0.35920580103993416,-0.0944548174738884,0.26974523067474365,-0.7844783489126712,0.16848580539226532,-0.11640684516169131
0,-0.21647566929459572,-0.046310490695759654,-1.201061487197876,-0.8204178549349308,0.15240409970283508,-0.028714965097606182
0,0.3095445893704891,-0.11092529818415642,-1.2034411430358887,-0.7127729961648583,0.08355367928743362,-0.9127955441363156
0,-0.3265947699546814,-0.114792350679636,-0.9608573317527771,-0.8255951926112175,0.15394335985183716,0.11560784257017076
0,-0.3000636827200651,-0.11535161174833775,-1.0831782817840576,-0.7881155796349049,0.06916826218366623,-0.22447978320997208
0,-0.4056430384516716,-0.12186752632260323,-1.046110063791275,-0.7113771922886372,0.061995696276426315,-1.1255158530548215
0,-0.13360993936657906,0.030959410592913628,-0.13432122766971588,-0.7202041645650752,0.06486711651086807,-0.3495323386450764
0,-0.35618869215250015,-0.09300144389271736,-0.13735738396644592,-0.7844675593078136,0.07062205672264099,-0.10424435464665294
0,-0.28736232221126556,-0.08790896413847804,0.11125661805272102,-0.8682726707775146,0.028158092871308327,-0.7165948118781671
0,-0.06763535086065531,-0.0903276652097702,-1.1333948969841003,-0.8242120482027531,0.17915968596935272,-0.12610128754749894
0,-0.17542759887874126,-0.08151984587311745,-1.153002142906189,-0.7689319727942348,0.10003910213708878,-1.1533670402131975
0,-0.3621000647544861,-0.05437983013689518,0.2619965076446533,-0.7182155176997185,0.15554144978523254,-0.16132228705100715
0,0.8791997544467449,-0.09882867336273193,-1.1043201386928558,-0.8170435363426805,0.057942092418670654,-2.3889198736287653
0,-0.29714129492640495,-0.06376761756837368,-0.8112151324748993,-0.8682500459253788,0.076616570353508,-1.0431337316986173
0,-0.10712613258510828,-0.10024221986532211,0.09839135408401489,-0.7897327495738864,0.14021337032318115,-1.9048792198300362
0,-0.196750957518816,0.19399839639663696,0.5943555533885956,-0.6300498757045716,0.07222843170166016,0.9955771053209901
0,-0.30213205236941576,-0.08416686579585075,0.10525734722614288,-0.7682489883154631,0.126907616853714,-1.0385102934669703
0,-0.2543697233777493,-0.14452195912599564,-1.0610667169094086,-0.8056025011464953,0.14890281856060028,-1.1382303424179554
0,-0.21825361996889114,0.4233144782483578,-1.1537942290306091,-0.7612512139603496,0.08024531602859497,-1.8095218907110393
0,-0.3137860167771578,-0.008261552779003978,-0.37855155766010284,-0.818077564239502,0.0436430461704731,0.8861057297326624
0,-0.31821922957897186,-0.12456927448511124,0.6576741933822632,-0.6766466721892357,0.03190574049949646,-1.5154509867425077
0,-0.3210032284259796,-0.12391697615385056,-0.9826950430870056,-0.8091016430407763,0.07328919321298599,-0.32578451139852405
0,-0.15541330631822348,-0.1080960389226675,0.12031370401382446,-0.7404924182919785,0.05302846431732178,0.25170454930048436
0,-0.11323923524469137,0.5669051855802536,-1.19896000623703,-0.765100066550076,0.06883854418992996,-0.8818570380099118
0,-0.015086231753230095,0.050454381853342056,-0.06943380832672119,-0.7533319629728794,0.13900451362133026,0.25145101721864194
0,-0.15277780301403254,-0.10257260873913765,0.08302265405654907,-0.7487880168482661,0.06296151131391525,-1.738386151380837
0,-0.04294612631201744,0.0519222617149353,-0.6668431013822556,-0.8170116196051822,0.052157968282699585,-2.2410085486881144
0,-0.13344589062035084,-0.11535692028701305,-0.9019557535648346,-0.7326180366799235,0.13623486459255219,-1.3753165365196764
0,-0.41791573353111744,-0.08827105537056923,0.9396659284830093,-0.7236920222640038,0.08931341767311096,-0.5389810083433986
0,-0.17090693023055792,0.008082758635282516,-0.9252237975597382,-0.8170715644955635,0.1459529846906662,-1.2261878571771376
0,-0.3702243324369192,0.26022555865347385,2.5774881839752197,-0.5840849122032523,0.0673837959766388,-0.8556106684263796
0,-0.30636483058333397,-0.11216011643409729,-0.811791867017746,-0.7642326869536191,0.059539664536714554,-2.377199233043939
0,-0.24843636341392994,-0.11350586637854576,-0.9609063565731049,-0.757762748748064,0.08483592420816422,0.07306934404186904
0,0.31683613592758775,0.22643335908651352,-0.924945518374443,-0.8500897912308574,0.1437520831823349,0.21159747848287225
0,-0.31499072909355164,-0.06054278835654259,-0.8738044947385788,-0.7708047181367874,0.10101231932640076,0.23755224258638918
0,-0.17697974108159542,0.41771528497338295,-1.1089181005954742,-0.8363204710185528,0.13995690643787384,1.4104215661463968
0,-0.30680710170418024,-0.05347408074885607,-1.1414766311645508,-0.7673404663801193,0.09628883749246597,0.14179675676859915
0,-0.2849015947431326,-0.05833946727216244,-0.0636400580406189,-0.7340657860040665,0.0496063232421875,-0.7710532252094708
0,0.3917692545801401,-0.10447970777750015,-0.582743838429451,-0.6970578084001318,0.08847589045763016,0.961502906109672
0,-0.14990853518247604,-0.10797897353768349,-1.1410584449768066,-0.779754581861198,0.059708233922719955,-2.239537795248907
0,-0.25266143801854923,0.24471425637602806,0.1969640702009201,-0.7009549215435982,0.11201158910989761,0.1343025682726875
0,-0.39752428978681564,-0.11311117559671402,1.240672916173935,-0.7506105229258537,0.11777188628911972,-0.4532261311542243
0,0.07255087606608868,-0.02248522639274597,0.31494565308094025,-0.7658584099262953,0.05088616535067558,1.3127444031415507
0,-0.2592534925788641,0.04435751587152481,-0.3765927851200104,-0.8188249031081796,0.10851884633302689,1.7327764553483576
0,-0.3062339760363102,-0.07147951237857342,-0.9785764813423157,-0.7731812335550785,0.07921570539474487,-2.360585669899592
0,-0.33570194989442825,-0.052816808223724365,-1.2187771797180176,-0.7917539095506072,0.12484107166528702,-0.2552254020702094
0,0.20174680836498737,-0.07407579571008682,-1.1796542406082153,-0.8380061937496066,0.11815762519836426,-0.5069856025893387
0,-0.4396856240928173,-0.07230853848159313,0.6836360991001129,-0.7141634747385979,0.08975684642791748,-1.3407663342077285
0,-0.2852795086801052,-0.08373428136110306,-0.7024225518107414,-0.7131290105171502,0.03714388608932495,-1.2516579714720137
0,-0.27251780685037374,-0.08202077820897102,-0.18137776851654053,-0.7402729475870728,0.09562953561544418,0.49317811836954206
0,-0.31876305490732193,-0.07981348969042301,-0.7080324292182922,-0.8184437043964863,0.10968490689992905,0.6280258644837886
0,-0.2743509132415056,-0.11294714733958244,-1.1584481000900269,-0.8364030215889215,0.06959579139947891,0.09778024180559441
0,-0.09064140496775508,-0.04260412883013487,-1.1424257457256317,-0.7989141587167978,0.11086419969797134,-0.7011403455398977
0,1.1828278917819262,0.10794791113585234,-1.0569343268871307,-0.76717250328511,0.17643295228481293,-0.5464204726740718
0,-0.26814492302946746,-0.0862320028245449,-0.7332984954118729,-0.7846663827076554,0.06163039430975914,-0.8930610555689782
0,-0.3500656671822071,0.7609227001667023,-0.43969743698835373,-0.7975108921527863,0.11321518570184708,-1.2267042642924935
0,-0.3026292882859707,-0.08725504949688911,0.8624616861343384,-0.715161900036037,0.10852233320474625,-0.6229914845898747
0,-0.30283028446137905,-0.08961950615048409,-1.1583667695522308,-0.7903349390253425,0.07434796541929245,0.4484412659658119
0,-0.22330942563712597,0.32661445438861847,-1.142410933971405,-0.6830725241452456,0.15655751526355743,-1.3272796917008236
0,-0.23473689053207636,-0.08749473839998245,-0.9293627738952637,-0.7779249558225274,0.13868452608585358,-0.7118585307034664
0,-0.4175291992723942,-0.06072681141085923,0.05033749341964722,-0.44634695909917355,-0.671668529510498,-0.9073545578867197
0,-0.11671685799956322,0.12790332734584808,-0.08386921882629395,-0.552163552492857,-0.8985275626182556,-1.3293774729390861
0,-0.3007212169468403,-0.08275482058525085,-0.24812833964824677,-0.5000421870499849,-0.688554048538208,-1.2640419404488057
0,-0.24589264206588268,0.2993398420512676,1.356576830148697,-0.39083421358373016,-0.5581934452056885,-0.676957796793431
0,-0.41849394887685776,-0.10300745442509651,-1.1632506549358368,-0.5329827573150396,-0.7579739689826965,-0.2571550221182406
0,-0.33924543112516403,-0.0761000495404005,-0.918647974729538,-0.47837488405639306,-0.6847839951515198,-0.5812593239825219
0,-0.3752954788506031,-0.08434942364692688,-0.6615400314331055,-0.4583531552925706,-0.7621243596076965,-1.430199498863658
0,-0.3233100576326251,-0.08397485688328743,-1.199333906173706,-0.49753900803625584,-0.8023298382759094,-0.13636811636388302
0,-0.22744696587324142,0.4088342022150755,-1.0734602510929108,-0.645382302813232,-0.6403720378875732,-0.849018866661936
0,-0.3670655023306608,-0.07139470614492893,1.436797946691513,-0.3366745440289378,-0.5151683688163757,-0.802365961659234
0,-0.10218539834022522,-0.010003719478845596,2.1218668650835752,-0.32942314469255507,-0.7391512989997864,-1.0023403607774526
0,-0.41858218889683485,-0.0181579552590847,2.3055621683597565,-0.4277705494314432,-0.8476109504699707,-0.9341852585785091
0,0.18488465249538422,-0.07369797676801682,0.6715704202651978,-0.4288349214475602,-0.917462170124054,0.09786269394680858
0,-0.31183500587940216,0.3704034499824047,-1.2029797434806824,-0.5532214241102338,-0.8392558097839355,-1.5224932373967022
0,-0.09024394769221544,0.23060183227062225,-1.0910796225070953,-0.5668199397623539,-0.6957170367240906,-1.4083986255936907
0,-0.30201274529099464,-0.012584369629621506,-0.9150183945894241,-0.43424528278410435,-0.7792692184448242,-0.19000242825131863
0,-0.2601902736350894,-0.11338263750076294,1.4270426034927368,-0.39893364533782005,-0.9293059706687927,-0.22027696669101715
0,-0.23467061296105385,-0.0678488202393055,-0.11293871700763702,-0.37016608752310276,-0.6687748432159424,-0.991825447883457
0,-0.18722037971019745,0.4940720312297344,-1.0139451622962952,-0.49078007973730564,-0.8809570670127869,-1.0914068492129445
0,-0.28853314090520144,0.1417803391814232,-1.2743635475635529,-0.5272381240502,-0.7260723114013672,-0.9720238737063482
0,-0.30557732190936804,-0.07668370939791203,0.030653715133666992,-0.42208385188132524,-0.5732035040855408,-2.643489220801712
0,-0.17576405132422224,-0.07239521853625774,-1.0091999769210815,-0.502850336022675,-0.6746640205383301,-1.2793037965893745
0,-0.3107097130268812,-0.08985434100031853,-1.19747593998909,-0.4913048017770052,-0.77656489610672,0.21458647586405277
0,-0.23839596286416054,-0.07967215776443481,-1.1335492432117462,-0.4823871525004506,-0.6435657143592834,0.5461052608443424
0,-0.3373666713014245,-0.062411148101091385,-0.742004320025444,-0.4607217591255903,-0.7273516058921814,-2.0423180828802288
0,-0.1911610858514905,-0.039791674353182316,2.3737715780735016,-0.2521995369461365,-0.7058141827583313,-1.4550611743761692
0,-0.07413531315978616,0.01361805573105812,-0.4004181995987892,-0.517399825155735,-0.6716094613075256,-1.5573665741831064
0,-0.34667444974184036,0.2951068840920925,-1.198554128408432,-0.5382646936923265,-0.8304517269134521,-0.960538327897666
0,-0.0765712852589786,0.0006488114595413208,-0.7797271013259888,-0.49267175048589706,-0.8144236207008362,-1.8850040666293353
0,-0.1965959225781262,-0.06290293671190739,-1.2476906776428223,-0.5649510454386473,-0.7185450196266174,-0.3372306732926518
0,-0.28646494168788195,-0.09562695398926735,-1.284810483455658,-0.4890357367694378,-0.739035427570343,-0.7425050172023475
0,0.2547573475167155,-0.043158432468771935,0.9624108374118805,-0.409827696159482,-0.8625536561012268,-0.22366999834775925
0,-0.33904070779681206,-0.05146130733191967,1.0499309450387955,-0.4755939841270447,-0.8105821013450623,-1.2187657761969604
0,-0.2853891411796212,0.26115575060248375,-0.3676613122224808,-0.6056544948369265,-0.7695091366767883,-1.0376008274033666
0,-0.18614610412623733,0.10269885323941708,0.3104307949542999,-0.4291071454063058,-0.6781362891197205,-0.7304799081757665
0,-0.21528319758363068,-0.06467263028025627,-1.1451180279254913,-0.4346067104488611,-0.7243092060089111,-2.7295300628175028
0,-0.3737424653954804,-0.07742456160485744,0.7534971237182617,-0.47745752334594727,-0.7338862419128418,0.6659996119560674
0,-0.2762945624999702,0.12868006899952888,-0.28939792700111866,-0.5165465474128723,-0.6564018726348877,0.935321681201458
0,-0.35636815056204796,-0.08322537690401077,0.10828551650047302,-0.48804082721471786,-0.7336494326591492,-1.7278514698846266
0,-0.295427022036165,0.1503257416188717,0.36751602590084076,-0.4455001875758171,-0.824504554271698,0.887264842633158
0,-0.2896257904358208,-0.08008628711104393,-0.9281076192855835,-0.4780981596559286,-0.7748088836669922,-1.466548354481347
0,-0.3655038659926504,-0.07767919823527336,-1.1638362109661102,-0.5827041491866112,-0.7911136150360107,-0.601982444175519
0,0.16947083687409759,0.1708141416311264,-1.2335923910140991,-0.5261307153850794,-0.8942306637763977,-0.9578213132917881
0,-0.13228077441453934,-0.09272957965731621,-0.7302837669849396,-0.5004008263349533,-0.7784088253974915,-1.1378705413080752
0,-0.29607865276921075,-0.0762354526668787,-0.24471905827522278,-0.42443881183862686,-0.7381379008293152,-2.4717678795568645
0,-0.29566130694001913,0.15194728039205074,-0.8802820891141891,-0.5120396818965673,-0.7709267139434814,-0.8408061730442569
0,-0.25595913268625736,-0.07452692836523056,-1.0287126898765564,-0.5032187029719353,-0.8031098246574402,-0.270391505677253
0,-0.2879649274982512,-0.08627824112772942,-1.1331190466880798,-0.5553388595581055,-0.7015900015830994,-1.9278071830049157
0,-0.09373818803578615,-0.02063196897506714,0.9780789613723755,-0.42926596384495497,-0.6236984133720398,-0.643052781932056
0,-0.04886471014469862,-0.09478963539004326,-0.1256159543991089,-0.39803730929270387,-0.7315453886985779,-1.7156778696516994
0,0.14641913026571274,-0.05596636049449444,-1.1923162937164307,-0.4681033678352833,-0.7696221470832825,0.3358509336831048
0,-0.2302796822041273,-0.10144029557704926,-1.066533237695694,-0.5653105322271585,-0.8921561241149902,-0.8727270702947862
0,-0.3614765084348619,-0.07363654673099518,0.5496289432048798,-0.41211163718253374,-0.671926736831665,-0.4329760920954868
0,-0.290026580914855,-0.06089422665536404,-0.9796950221061707,-0.43786851316690445,-0.7910282611846924,-1.2483369570691139
0,-0.40482037514448166,-0.09436836466193199,-0.9859263002872467,-0.45906866528093815,-0.8751960396766663,-0.9849236488807946
0,-0.3048403568100184,0.26022306457161903,0.38503409922122955,-0.5355001371353865,-0.7143324017524719,0.3796505038626492
0,0.4465480074286461,0.02982126921415329,-0.6571361422538757,-0.48586679995059967,-0.9941165447235107,-0.08162096136948094
0,-0.2272782176733017,-0.06563872657716274,-1.220651239156723,-0.448185415007174,-0.7501375079154968,-1.3130100942216814
0,-0.06177584361284971,-0.06400150869740173,-1.0054393410682678,-0.49849373660981655,-0.9353911280632019,-1.0354320257902145
0,-0.27338455244898796,0.3943696394562721,-0.9290619492530823,-0.5684348028153181,-0.8188984990119934,0.8618588295648806
0,-0.3819875246845186,-0.09748754277825356,0.5532014667987823,-0.4537418354302645,-0.8435354232788086,-0.3719633697764948
0,-0.3025039751082659,-0.07508712448179722,-0.1917809545993805,-0.5077311545610428,-0.927194356918335,-1.641257730545476
0,-0.18940776959061623,-0.0933084636926651,-0.8540762364864349,-0.4858528980985284,-0.9199910163879395,1.0454549016030796
0,-0.396360469982028,-0.12056593969464302,-1.258148431777954,-0.5456747766584158,-0.8127667307853699,0.8403939084819285
0,-0.29052581265568733,0.3370308578014374,-0.9084520936012268,-0.596948298625648,-0.7545595765113831,-0.4476806185557507
0,-0.06914003565907478,-0.1028197892010212,0.552481472492218,-0.35232874285429716,-0.8408171534538269,-0.2997615196509287
0,0.1808963678777218,-0.06113807111978531,0.8252052068710327,-0.46878599002957344,-1.00910484790802,0.428019356157165
0,-0.022019434720277786,0.34060909785330296,-0.9877845048904419,-0.49025191180408,-0.7438450455665588,-1.5625861556036398
0,-0.35716181015595794,-0.09493649937212467,-1.2476883828639984,-0.5403402950614691,-0.7715832591056824,-0.0010274695232510567
0,-0.004969816654920578,-0.03842649282887578,-1.120949149131775,-0.5255468469113111,-0.7769442200660706,-1.2032663826830685
0,-0.42003226350061595,-0.0432392954826355,-0.7174096070230007,-0.47924319794401526,-0.6882545948028564,-0.02695532178040594
0,-0.3373569678515196,-0.11607838049530983,-0.6998782306909561,-0.4746581232175231,-0.7978114485740662,-1.0405324012972414
0,0.036937931552529335,-0.07612333074212074,0.07099933922290802,-0.45682735927402973,-0.7757752537727356,-1.5412404192611575
0,-0.4176053926348686,-0.08102967590093613,-1.2017860412597656,-0.5231910720467567,-0.782555103302002,-0.3036233480088413
0,-0.37721308320760727,-0.08052540943026543,-0.9422768950462341,-0.5278997635468841,-0.8874571323394775,-0.8276751722441986
0,-0.40034114569425583,-0.08740627393126488,-0.884655773639679,-0.5214546043425798,-0.6071596145629883,0.2500707544386387
0,-0.12243882159236819,-0.08999530225992203,-1.0622125566005707,-0.5552717987447977,-0.7007660865783691,0.15607736445963383
0,-0.004801819566637278,-0.06436310149729252,-1.059383064508438,-0.4780104458332062,-0.7047678828239441,0.6516302763484418
0,-0.27328338474035263,-0.07930463925004005,-1.2084120512008667,-0.5322743123397231,-0.6895403265953064,-0.5483447189908475
0,-0.24277278315275908,-0.06349434517323971,-1.113519161939621,-0.593434127047658,-0.6996150612831116,-1.3651177326682955
0,-0.27013177797198296,-0.071181770414114,0.2622012197971344,-0.4014487210661173,-0.6214082837104797,-0.40137634240090847
0,-0.051435274071991444,-0.09465371631085873,-1.3006616234779358,-0.5230808397755027,-0.8097957968711853,0.3185876924544573
0,0.16331149637699127,-0.1140785925090313,3.156391888856888,-0.2520997142419219,-0.5148413181304932,-1.1696486938744783
0,-0.3043451640987769,-0.06526852212846279,1.5731910467147827,-0.32674676552414894,-0.6039037704467773,-1.969763496890664
0,0.23087655170820653,-0.0650753304362297,1.2868805527687073,-0.3505428917706013,-0.8884634971618652,0.3519959142431617
0,-0.400739673525095,-0.056351711973547935,0.9725104868412018,-0.42506870813667774,-0.611354410648346,-0.9226400628685951
0,-0.1967102847993374,-0.10355212539434433,-1.1063260436058044,-0.45621311385184526,-0.6723238825798035,-1.887780929391738
0,-0.32576656341552734,0.03854101151227951,0.19002825021743774,-0.427935647778213,-0.7930148243904114,0.3555008345283568
0,-0.3279027175158262,-0.03974847961217165,-0.8873953521251678,-0.5231802314519882,-0.6901182532310486,0.740515495184809
0,-0.060800954699516296,-0.08850152045488358,-1.234628289937973,-0.4246207382529974,-0.8417842388153076,-0.2740777034778148
0,-0.4057950181886554,-0.04200074449181557,-0.4082656893879175,-0.49659683741629124,-0.6464669108390808,-1.573035222128965
0,-0.49418679997324944,-0.09339428693056107,-0.35082049667835236,-0.4729863628745079,-0.755037784576416,-1.0904456861317158
0,-0.04315369203686714,0.0166363175958395,-1.0028238594532013,-0.5141873778775334,-0.8872594237327576,-1.353109673014842
0,-0.4267757833003998,-0.08129668608307838,-1.1416639983654022,-0.5661136712878942,-0.7795718312263489,0.041591163142584264
0,0.2294272780418396,-0.05490208603441715,-1.1919099986553192,-0.5059491125866771,-0.7287688255310059,0.2639723948959727
0,-0.37458083406090736,-0.06839719787240028,-1.2484483420848846,-0.5455905962735415,-0.7700645327568054,-0.8338201995939016
0,-0.22447081096470356,-0.0889100432395935,-1.2050111591815948,-0.4928893051110208,-0.7742957472801208,-0.9346708919038065
0,-0.40768762305378914,-0.07986065745353699,-0.9557232558727264,-0.5210948120802641,-0.8399079442024231,-0.1495285734999925
0,-0.2609841306693852,-0.05751914530992508,-1.22175931930542,-0.5519610289484262,-0.7535644173622131,0.5864436379633844
0,-0.3087636576965451,-0.0641506053507328,-0.7399952262639999,-0.46603748947381973,-0.7791948318481445,-0.30462578625883907
0,-0.3002632185816765,-0.10688751190900803,-1.2378879487514496,-0.5516462242230773,-0.8134687542915344,0.8527291925856844
0,-0.1573133380152285,-0.09487432986497879,0.3172066807746887,-0.4177487827837467,-0.8448219299316406,-1.203861846588552
0,0.13041624706238508,-0.0751773826777935,-0.9369291365146637,-0.4332191590219736,-0.7509818077087402,-0.058533075818559155
0,0.24602366366889328,-0.09212273731827736,-1.2267468571662903,-0.481081610545516,-0.675402820110321,-0.8593512097140774
0,-0.35553682036697865,0.1453536543995142,-1.0479683578014374,-0.5633686818182468,-0.8624265789985657,-0.8777560063172132
0,-0.1511787511408329,-0.03088283841498196,0.29010844230651855,-0.4685293617658317,-0.7092669606208801,-0.4875329456408508
0,-0.27546800300478935,-0.0736618172377348,-0.20333799719810486,-0.5632021222263575,-0.6510217189788818,-1.1373286531306803
0,-0.06592028960585594,0.2210264690220356,-0.9341930449008942,-0.4430687949061394,-0.7388113141059875,-0.6312530344584957
0,-0.03608326613903046,-0.082075210288167,-1.2168249487876892,-0.4593345392495394,-0.7979527115821838,0.02978914976119995
0,0.6174547486007214,0.1888862894847989,1.2476747334003448,-0.4943623635917902,-0.9038732051849365,-1.0261559109203517
0,-0.12357515469193459,-0.04523297492414713,-0.7640975415706635,-0.44328183494508266,-0.7350406050682068,-0.5200915461173281
0,-0.45891791023314,-0.0557430237531662,2.0045827627182007,-0.3727316539734602,-0.6917192935943604,-0.536293379496783
0,-0.440610583871603,-0.08687710016965866,-0.6876124143600464,-0.4302682327106595,-0.6979661583900452,-0.09431775257689878
0,-0.223512914031744,-0.12045038864016533,0.29024481773376465,-0.46797044575214386,-0.6779686808586121,-2.2447845831047744
0,-0.37839386612176895,0.18622205778956413,-1.1465624570846558,-0.5001854076981544,-0.7162776589393616,0.5595762049779296
0,-0.33405531756579876,-0.1105344146490097,-1.2130712568759918,-0.5182366836816072,-0.7987870573997498,0.029335751874896232
0,-0.33227232098579407,-0.09766285121440887,-1.2821932435035706,-0.4434773903340101,-0.7282574772834778,-1.9196000947267748
0,-0.4128394443541765,-0.007216168567538261,-0.7503366470336914,-0.46662634797394276,-0.6597864627838135,-0.7406198678072542
0,-0.4360091984272003,-0.0784324873238802,-1.1146948337554932,-0.511958783492446,-0.6843965649604797,-1.046872484497726
0,-0.21136924158781767,-0.07444889470934868,0.3406166434288025,-0.45503485947847366,-0.7291042804718018,0.6642068622168154
0,-0.08366815745830536,0.2971334829926491,-1.2611918449401855,-0.5377561580389738,-0.9418607354164124,-1.302428585710004
0,-0.2726124133914709,-0.05225032567977905,-1.1901860535144806,-0.5120259136892855,-0.745439350605011,-1.6122142686508596
0,-0.19634709134697914,-0.09024478122591972,0.394192710518837,-0.49158800207078457,-0.6237275004386902,-0.26809112378396094
0,-0.40957415848970413,-0.07257607392966747,-0.6797030419111252,-0.5118241915479302,-0.7186911702156067,-0.9688781569711864
0,-0.44636442326009274,-0.06284588761627674,-1.000560849905014,-0.4833462983369827,-0.6798846125602722,-1.1263706195168197
0,-0.5101757450029254,-0.023034149780869484,0.8644404709339142,-0.43970861937850714,-0.7045236229896545,-0.7148835104890168
