threshold,per_shot,copq,savings_vs_ship,savings_vs_inspect,escape_multiplier
0.025,1.071361912946767,1021.361912946767,2528.638087053233,2288.638087053233,10.0
0.015,1.1950601587381833,1145.0601587381832,4204.939841261817,2164.9398412618166,15.0
0.015,1.298371417016329,1248.371417016329,5901.628582983671,2061.628582983671,20.0
0.015,1.4016826752944744,1351.6826752944744,7598.317324705526,1958.3173247055256,25.0
0.01,1.4770747181638944,1427.0747181638944,9322.925281836106,1882.9252818361056,30.0
0.01,1.5446243870380667,1494.6243870380667,11055.375612961932,1815.3756129619333,35.0
0.01,1.612174055912239,1562.174055912239,12787.825944087761,1747.825944087761,40.0
0.01,1.6797237247864112,1629.7237247864111,14520.27627521359,1680.2762752135889,45.0
0.01,1.7472733936605833,1697.2733936605832,16252.726606339416,1612.7266063394168,50.0
